IDcoin;emitida;valor;IDpais;paisVO;paisES;flag;anoinicio;anofin;fecha;conm;conj;conj_oficial;IDserie;descr_serieES;titulo;descr_coinES;desc_coin_EN;image_coin;image_comun1;image_comun2;motivoES;motivoEN;tagES;subtagES;Coincidencia;rareza;frase;DateSort
1;1;200;AT;Österreich;Austria;AT.webp;1999;2026;;0;0;;AT1;Austria 1;2 € Austria (1);Bertha von Suttner;Bertha von Suttner;AT_1999_200.webp;1999_200.webp;2007_200.webp;;;;;;23%;Común;
2;1;100;AT;Österreich;Austria;AT.webp;1999;2026;;0;0;;AT1;Austria 1;1 € Austria (1);Wolfgang Amadeus Mozart;Wolfgang Amadeus Mozart;AT_1999_100.webp;1999_100.webp;2007_100.webp;;;;;;23%;Común;
3;1;50;AT;Österreich;Austria;AT.webp;1999;2026;;0;0;;AT1;Austria 1;50 cents. Austria (1);Edificio de la Secesión;Sezession building;AT_1999_50.webp;1999_50.webp;2007_50.webp;;;;;;25%;Común;
4;1;20;AT;Österreich;Austria;AT.webp;1999;2026;;0;0;;AT1;Austria 1;20 cents. Austria (1);Palacio de Belvedere;Belvedere Palace;AT_1999_20.webp;1999_20.webp;2007_20.webp;;;;;;19%;Muy común;
5;1;10;AT;Österreich;Austria;AT.webp;1999;2026;;0;0;;AT1;Austria 1;10 cents. Austria (1);Catedral de San Esteban;St. Stephen’s Cathedral;AT_1999_10.webp;1999_10.webp;2007_10.webp;;;;;;17%;Muy común;
6;1;5;AT;Österreich;Austria;AT.webp;1999;2026;;0;0;;AT1;Austria 1;5 cents. Austria (1);Flor de prúmula;Primrose Flower;AT_1999_5.webp;1999_5.webp;;;;;;;17%;Muy común;
7;1;2;AT;Österreich;Austria;AT.webp;1999;2026;;0;0;;AT1;Austria 1;2 cents. Austria (1);Flor de edelweiss;Edelweiss Flower;AT_1999_2.webp;1999_2.webp;;;;;;;12%;Muy común;
8;1;1;AT;Österreich;Austria;AT.webp;1999;2026;;0;0;;AT1;Austria 1;1 cent. Austria (1);Flor de genciana;Gentian Flower;AT_1999_1.webp;1999_1.webp;;;;;;;11%;Muy común;
9;1;200;BE;Belgie · Belgique · Belgien;Bélgica;BE.webp;1999;2007;;0;0;;BE1;Bélgica 1: Alberto II;2 € Bélgica (1);Rey Alberto II;King Albert II;BE_1999_200.webp;1999_200.webp;2007_200.webp;;;;;;25%;Común;
10;1;100;BE;Belgie · Belgique · Belgien;Bélgica;BE.webp;1999;2007;;0;0;;BE1;Bélgica 1: Alberto II;1 € Bélgica (1);Rey Alberto II;King Albert II;BE_1999_100.webp;1999_100.webp;2007_100.webp;;;;;;27%;Común;
11;1;50;BE;Belgie · Belgique · Belgien;Bélgica;BE.webp;1999;2007;;0;0;;BE1;Bélgica 1: Alberto II;50 cents. Bélgica (1);Rey Alberto II;King Albert II;BE_1999_50.webp;1999_50.webp;2007_50.webp;;;;;;27%;Común;
12;1;20;BE;Belgie · Belgique · Belgien;Bélgica;BE.webp;1999;2007;;0;0;;BE1;Bélgica 1: Alberto II;20 cents. Bélgica (1);Rey Alberto II;King Albert II;BE_1999_20.webp;1999_20.webp;2007_20.webp;;;;;;23%;Común;
13;1;10;BE;Belgie · Belgique · Belgien;Bélgica;BE.webp;1999;2007;;0;0;;BE1;Bélgica 1: Alberto II;10 cents. Bélgica (1);Rey Alberto II;King Albert II;BE_1999_10.webp;1999_10.webp;2007_10.webp;;;;;;25%;Común;
14;1;5;BE;Belgie · Belgique · Belgien;Bélgica;BE.webp;1999;2007;;0;0;;BE1;Bélgica 1: Alberto II;5 cents. Bélgica (1);Rey Alberto II;King Albert II;BE_1999_5.webp;1999_5.webp;;;;;;;22%;Común;
15;1;2;BE;Belgie · Belgique · Belgien;Bélgica;BE.webp;1999;2007;;0;0;;BE1;Bélgica 1: Alberto II;2 cents. Bélgica (1);Rey Alberto II;King Albert II;BE_1999_2.webp;1999_2.webp;;;;;;;21%;Común;
16;1;1;BE;Belgie · Belgique · Belgien;Bélgica;BE.webp;1999;2007;;0;0;;BE1;Bélgica 1: Alberto II;1 cent. Bélgica (1);Rey Alberto II;King Albert II;BE_1999_1.webp;1999_1.webp;;;;;;;21%;Común;
17;1;200;DE;Deutschland;Alemania;DE.webp;1999;2026;;0;0;;DE1;Alemania 1;2 € Alemania (1);Águila federal;Federal eagle;DE_1999_200.webp;1999_200.webp;2007_200.webp;;;;;;12%;Muy común;
18;1;100;DE;Deutschland;Alemania;DE.webp;1999;2026;;0;0;;DE1;Alemania 1;1 € Alemania (1);Águila federal;Federal eagle;DE_1999_100.webp;1999_100.webp;2007_100.webp;;;;;;12%;Muy común;
19;1;50;DE;Deutschland;Alemania;DE.webp;1999;2026;;0;0;;DE1;Alemania 1;50 cents. Alemania (1);Puerta de Brandeburgo;Brandenburg Gate;DE_1999_50.webp;1999_50.webp;2007_50.webp;;;;;;12%;Muy común;
20;1;20;DE;Deutschland;Alemania;DE.webp;1999;2026;;0;0;;DE1;Alemania 1;20 cents. Alemania (1);Puerta de Brandeburgo;Brandenburg Gate;DE_1999_20.webp;1999_20.webp;2007_20.webp;;;;;;7%;Muy común;
21;1;10;DE;Deutschland;Alemania;DE.webp;1999;2026;;0;0;;DE1;Alemania 1;10 cents. Alemania (1);Puerta de Brandeburgo;Brandenburg Gate;DE_1999_10.webp;1999_10.webp;2007_10.webp;;;;;;7%;Muy común;
22;1;5;DE;Deutschland;Alemania;DE.webp;1999;2026;;0;0;;DE1;Alemania 1;5 cents. Alemania (1);Rama de roble alemana;German Oak Twig;DE_1999_5.webp;1999_5.webp;;;;;;;5%;Muy común;
23;1;2;DE;Deutschland;Alemania;DE.webp;1999;2026;;0;0;;DE1;Alemania 1;2 cents. Alemania (1);Rama de roble alemana;German Oak Twig;DE_1999_2.webp;1999_2.webp;;;;;;;1%;Muy común;
24;1;1;DE;Deutschland;Alemania;DE.webp;1999;2026;;0;0;;DE1;Alemania 1;1 cent. Alemania (1);Rama de roble alemana;German Oak Twig;DE_1999_1.webp;1999_1.webp;;;;;;;;Muy común;
25;1;200;ES;España;España;ES.webp;1999;2009;;0;0;;ES1;España 1: Juan Carlos;2 € España (1);Rey Juan Carlos;King Juan Carlos;ES_1999_200.webp;1999_200.webp;2007_200.webp;;;;;;23%;Común;
26;1;100;ES;España;España;ES.webp;1999;2009;;0;0;;ES1;España 1: Juan Carlos;1 € España (1);Rey Juan Carlos;King Juan Carlos;ES_1999_100.webp;1999_100.webp;2007_100.webp;;;;;;14%;Muy común;
27;1;50;ES;España;España;ES.webp;1999;2009;;0;0;;ES1;España 1: Juan Carlos;50 cents. España (1);Miguel de Cervantes;Miguel de Cervantes;ES_1999_50.webp;1999_50.webp;2007_50.webp;;;;;;16%;Muy común;
28;1;20;ES;España;España;ES.webp;1999;2009;;0;0;;ES1;España 1: Juan Carlos;20 cents. España (1);Miguel de Cervantes;Miguel de Cervantes;ES_1999_20.webp;1999_20.webp;2007_20.webp;;;;;;16%;Muy común;
29;1;10;ES;España;España;ES.webp;1999;2009;;0;0;;ES1;España 1: Juan Carlos;10 cents. España (1);Miguel de Cervantes;Miguel de Cervantes;ES_1999_10.webp;1999_10.webp;2007_10.webp;;;;;;12%;Muy común;
30;1;5;ES;España;España;ES.webp;1999;2009;;0;0;;ES1;España 1: Juan Carlos;5 cents. España (1);Catedral de Santiago de Compostela;Santiago de Compostela Cathedral;ES_1999_5.webp;1999_5.webp;;;;;;;10%;Muy común;
31;1;2;ES;España;España;ES.webp;1999;2009;;0;0;;ES1;España 1: Juan Carlos;2 cents. España (1);Catedral de Santiago de Compostela;Santiago de Compostela Cathedral;ES_1999_2.webp;1999_2.webp;;;;;;;11%;Muy común;
32;1;1;ES;España;España;ES.webp;1999;2009;;0;0;;ES1;España 1: Juan Carlos;1 cent. España (1);Catedral de Santiago de Compostela;Santiago de Compostela Cathedral;ES_1999_1.webp;1999_1.webp;;;;;;;9%;Muy común;
33;1;200;FI;Suomi · Finland;Finlandia;FI.webp;1999;2026;;0;0;;FI1;Finlandia 1;2 € Finlandia (1);Moras árticas de Laponia;Cloudberries from Lapland;FI_1999_200.webp;1999_200.webp;2007_200.webp;;;;;;32%;Común;
34;1;100;FI;Suomi · Finland;Finlandia;FI.webp;1999;2026;;0;0;;FI1;Finlandia 1;1 € Finlandia (1);Cisnes en vuelo;Flying Swans;FI_1999_100.webp;1999_100.webp;2007_100.webp;;;;;;33%;Común;
35;1;50;FI;Suomi · Finland;Finlandia;FI.webp;1999;2026;;0;0;;FI1;Finlandia 1;50 cents. Finlandia (1);León heráldico;Heraldic Lion;FI_1999_50.webp;1999_50.webp;2007_50.webp;;;;;;32%;Común;
36;1;20;FI;Suomi · Finland;Finlandia;FI.webp;1999;2026;;0;0;;FI1;Finlandia 1;20 cents. Finlandia (1);León heráldico;Heraldic Lion;FI_1999_20.webp;1999_20.webp;2007_20.webp;;;;;;26%;Común;
37;1;10;FI;Suomi · Finland;Finlandia;FI.webp;1999;2026;;0;0;;FI1;Finlandia 1;10 cents. Finlandia (1);León heráldico;Heraldic Lion;FI_1999_10.webp;1999_10.webp;2007_10.webp;;;;;;25%;Común;
38;1;5;FI;Suomi · Finland;Finlandia;FI.webp;1999;2026;;0;0;;FI1;Finlandia 1;5 cents. Finlandia (1);León heráldico;Heraldic Lion;FI_1999_5.webp;1999_5.webp;;;;;;;23%;Común;
39;1;2;FI;Suomi · Finland;Finlandia;FI.webp;1999;2026;;0;0;;FI1;Finlandia 1;2 cents. Finlandia (1);León heráldico;Heraldic Lion;FI_1999_2.webp;1999_2.webp;;;;;;;38%;Común;
40;1;1;FI;Suomi · Finland;Finlandia;FI.webp;1999;2026;;0;0;;FI1;Finlandia 1;1 cent. Finlandia (1);León heráldico;Heraldic Lion;FI_1999_1.webp;1999_1.webp;;;;;;;38%;Común;
41;1;200;FR;France;Francia;FR.webp;1999;2021;;0;0;;FR1;Francia 1;2 € Francia (1);Árbol de la vida en hexágono;Tree of Life in a Hexagon;FR_1999_200.webp;1999_200.webp;2007_200.webp;;;;;;19%;Muy común;
42;1;100;FR;France;Francia;FR.webp;1999;2021;;0;0;;FR1;Francia 1;1 € Francia (1);Árbol de la vida en hexágono;Tree of Life in a Hexagon;FR_1999_100.webp;1999_100.webp;2007_100.webp;;;;;;19%;Muy común;
43;1;50;FR;France;Francia;FR.webp;1999;2023;;0;0;;FR1;Francia 1;50 cents. Francia (1);La sembradora;The Sower;FR_1999_50.webp;1999_50.webp;2007_50.webp;;;;;;19%;Muy común;
44;1;20;FR;France;Francia;FR.webp;1999;2023;;0;0;;FR1;Francia 1;20 cents. Francia (1);La sembradora;The Sower;FR_1999_20.webp;1999_20.webp;2007_20.webp;;;;;;14%;Muy común;
45;1;10;FR;France;Francia;FR.webp;1999;2023;;0;0;;FR1;Francia 1;10 cents. Francia (1);La sembradora;The Sower;FR_1999_10.webp;1999_10.webp;2007_10.webp;;;;;;11%;Muy común;
46;1;5;FR;France;Francia;FR.webp;1999;2026;;0;0;;FR1;Francia 1;5 cents. Francia (1);Retrato de Marianne;Portrait of Marianne;FR_1999_5.webp;1999_5.webp;;;;;;;9%;Muy común;
47;1;2;FR;France;Francia;FR.webp;1999;2026;;0;0;;FR1;Francia 1;2 cents. Francia (1);Retrato de Marianne;Portrait of Marianne;FR_1999_2.webp;1999_2.webp;;;;;;;6%;Muy común;
48;1;1;FR;France;Francia;FR.webp;1999;2026;;0;0;;FR1;Francia 1;1 cent. Francia (1);Retrato de Marianne;Portrait of Marianne;FR_1999_1.webp;1999_1.webp;;;;;;;4%;Muy común;
49;1;200;IE;Éire;Irlanda;IE.webp;1999;2026;;0;0;;IE1;Irlanda 1;2 € Irlanda (1);Arpa celta;Celtic Harp;IE_1999_200.webp;1999_200.webp;2007_200.webp;;;;;;30%;Común;
50;1;100;IE;Éire;Irlanda;IE.webp;1999;2026;;0;0;;IE1;Irlanda 1;1 € Irlanda (1);Arpa celta;Celtic Harp;IE_1999_100.webp;1999_100.webp;2007_100.webp;;;;;;30%;Común;
51;1;50;IE;Éire;Irlanda;IE.webp;1999;2026;;0;0;;IE1;Irlanda 1;50 cents. Irlanda (1);Arpa celta;Celtic Harp;IE_1999_50.webp;1999_50.webp;2007_50.webp;;;;;;29%;Común;
52;1;20;IE;Éire;Irlanda;IE.webp;1999;2026;;0;0;;IE1;Irlanda 1;20 cents. Irlanda (1);Arpa celta;Celtic Harp;IE_1999_20.webp;1999_20.webp;2007_20.webp;;;;;;23%;Común;
53;1;10;IE;Éire;Irlanda;IE.webp;1999;2026;;0;0;;IE1;Irlanda 1;10 cents. Irlanda (1);Arpa celta;Celtic Harp;IE_1999_10.webp;1999_10.webp;2007_10.webp;;;;;;21%;Común;
54;1;5;IE;Éire;Irlanda;IE.webp;1999;2026;;0;0;;IE1;Irlanda 1;5 cents. Irlanda (1);Arpa celta;Celtic Harp;IE_1999_5.webp;1999_5.webp;;;;;;;17%;Muy común;
55;1;2;IE;Éire;Irlanda;IE.webp;1999;2026;;0;0;;IE1;Irlanda 1;2 cents. Irlanda (1);Arpa celta;Celtic Harp;IE_1999_2.webp;1999_2.webp;;;;;;;17%;Muy común;
56;1;1;IE;Éire;Irlanda;IE.webp;1999;2026;;0;0;;IE1;Irlanda 1;1 cent. Irlanda (1);Arpa celta;Celtic Harp;IE_1999_1.webp;1999_1.webp;;;;;;;16%;Muy común;
57;1;200;IT;Italia;Italia;IT.webp;1999;2026;;0;0;;IT1;Italia 1;2 € Italia (1);Dante Alighieri;Dante Alighieri;IT_1999_200.webp;1999_200.webp;2007_200.webp;;;;;;19%;Muy común;
58;1;100;IT;Italia;Italia;IT.webp;1999;2026;;0;0;;IT1;Italia 1;1 € Italia (1);Hombre de Vitruvio;Vitruvian Man;IT_1999_100.webp;1999_100.webp;2007_100.webp;;;;;;14%;Muy común;
59;1;50;IT;Italia;Italia;IT.webp;1999;2026;;0;0;;IT1;Italia 1;50 cents. Italia (1);Campidoglio con Marco Aurelio;Campidoglio & Marcus Aurelius;IT_1999_50.webp;1999_50.webp;2007_50.webp;;;;;;16%;Muy común;
60;1;20;IT;Italia;Italia;IT.webp;1999;2026;;0;0;;IT1;Italia 1;20 cents. Italia (1);Umberto Boccioni;Umberto Boccioni;IT_1999_20.webp;1999_20.webp;2007_20.webp;;;;;;13%;Muy común;
61;1;10;IT;Italia;Italia;IT.webp;1999;2026;;0;0;;IT1;Italia 1;10 cents. Italia (1);Nacimiento de Venus;Birth of Venus;IT_1999_10.webp;1999_10.webp;2007_10.webp;;;;;;11%;Muy común;
62;1;5;IT;Italia;Italia;IT.webp;1999;2026;;0;0;;IT1;Italia 1;5 cents. Italia (1);Coliseo de Roma;Coliseum of Rome;IT_1999_5.webp;1999_5.webp;;;;;;;10%;Muy común;
63;1;2;IT;Italia;Italia;IT.webp;1999;2026;;0;0;;IT1;Italia 1;2 cents. Italia (1);Mole Antonelliana;Mole Antonelliana;IT_1999_2.webp;1999_2.webp;;;;;;;10%;Muy común;
64;1;1;IT;Italia;Italia;IT.webp;1999;2026;;0;0;;IT1;Italia 1;1 cent. Italia (1);Castel del Monte;Castel del Monte;IT_1999_1.webp;1999_1.webp;;;;;;;8%;Muy común;
65;1;200;LU;Lëtzebuerg;Luxemburgo;LU.webp;1999;2025;;0;0;;LU1;Luxemburgo 1: Enrique;2 € Luxemburgo (1);Gran duque Enrique;Grand Duke Henri;LU_1999_200.webp;1999_200.webp;2007_200.webp;;;;;;35%;Común;
66;1;100;LU;Lëtzebuerg;Luxemburgo;LU.webp;1999;2025;;0;0;;LU1;Luxemburgo 1: Enrique;1 € Luxemburgo (1);Gran duque Enrique;Grand Duke Henri;LU_1999_100.webp;1999_100.webp;2007_100.webp;;;;;;38%;Común;
67;1;50;LU;Lëtzebuerg;Luxemburgo;LU.webp;1999;2025;;0;0;;LU1;Luxemburgo 1: Enrique;50 cents. Luxemburgo (1);Gran duque Enrique;Grand Duke Henri;LU_1999_50.webp;1999_50.webp;2007_50.webp;;;;;;34%;Común;
68;1;20;LU;Lëtzebuerg;Luxemburgo;LU.webp;1999;2025;;0;0;;LU1;Luxemburgo 1: Enrique;20 cents. Luxemburgo (1);Gran duque Enrique;Grand Duke Henri;LU_1999_20.webp;1999_20.webp;2007_20.webp;;;;;;31%;Común;
69;1;10;LU;Lëtzebuerg;Luxemburgo;LU.webp;1999;2025;;0;0;;LU1;Luxemburgo 1: Enrique;10 cents. Luxemburgo (1);Gran duque Enrique;Grand Duke Henri;LU_1999_10.webp;1999_10.webp;2007_10.webp;;;;;;34%;Común;
70;1;5;LU;Lëtzebuerg;Luxemburgo;LU.webp;1999;2025;;0;0;;LU1;Luxemburgo 1: Enrique;5 cents. Luxemburgo (1);Gran duque Enrique;Grand Duke Henri;LU_1999_5.webp;1999_5.webp;;;;;;;31%;Común;
71;1;2;LU;Lëtzebuerg;Luxemburgo;LU.webp;1999;2025;;0;0;;LU1;Luxemburgo 1: Enrique;2 cents. Luxemburgo (1);Gran duque Enrique;Grand Duke Henri;LU_1999_2.webp;1999_2.webp;;;;;;;30%;Común;
72;1;1;LU;Lëtzebuerg;Luxemburgo;LU.webp;1999;2025;;0;0;;LU1;Luxemburgo 1: Enrique;1 cent. Luxemburgo (1);Gran duque Enrique;Grand Duke Henri;LU_1999_1.webp;1999_1.webp;;;;;;;31%;Común;
73;1;200;NL;Nederlanden;Países Bajos;NL.webp;1999;2013;;0;0;;NL1;Países Bajos 1: Beatriz;2 € Países Bajos (1);Reina Beatriz;Queen Beatrix;NL_1999_200.webp;1999_200.webp;2007_200.webp;;;;;;28%;Común;
74;1;100;NL;Nederlanden;Países Bajos;NL.webp;1999;2013;;0;0;;NL1;Países Bajos 1: Beatriz;1 € Países Bajos (1);Reina Beatriz;Queen Beatrix;NL_1999_100.webp;1999_100.webp;2007_100.webp;;;;;;28%;Común;
75;1;50;NL;Nederlanden;Países Bajos;NL.webp;1999;2013;;0;0;;NL1;Países Bajos 1: Beatriz;50 cents. Países Bajos (1);Reina Beatriz;Queen Beatrix;NL_1999_50.webp;1999_50.webp;2007_50.webp;;;;;;25%;Común;
76;1;20;NL;Nederlanden;Países Bajos;NL.webp;1999;2013;;0;0;;NL1;Países Bajos 1: Beatriz;20 cents. Países Bajos (1);Reina Beatriz;Queen Beatrix;NL_1999_20.webp;1999_20.webp;2007_20.webp;;;;;;24%;Común;
77;1;10;NL;Nederlanden;Países Bajos;NL.webp;1999;2013;;0;0;;NL1;Países Bajos 1: Beatriz;10 cents. Países Bajos (1);Reina Beatriz;Queen Beatrix;NL_1999_10.webp;1999_10.webp;2007_10.webp;;;;;;22%;Común;
78;1;5;NL;Nederlanden;Países Bajos;NL.webp;1999;2013;;0;0;;NL1;Países Bajos 1: Beatriz;5 cents. Países Bajos (1);Reina Beatriz;Queen Beatrix;NL_1999_5.webp;1999_5.webp;;;;;;;17%;Muy común;
79;1;2;NL;Nederlanden;Países Bajos;NL.webp;1999;2013;;0;0;;NL1;Países Bajos 1: Beatriz;2 cents. Países Bajos (1);Reina Beatriz;Queen Beatrix;NL_1999_2.webp;1999_2.webp;;;;;;;20%;Común;
80;1;1;NL;Nederlanden;Países Bajos;NL.webp;1999;2013;;0;0;;NL1;Países Bajos 1: Beatriz;1 cent. Países Bajos (1);Reina Beatriz;Queen Beatrix;NL_1999_1.webp;1999_1.webp;;;;;;;20%;Común;
81;1;200;PT;Portugal;Portugal;PT.webp;1999;2026;;0;0;;PT1;Portugal 1;2 € Portugal (1);Sello de Afonso Henriques 1144;Seal of Afonso Henriques 1144;PT_1999_200.webp;1999_200.webp;2007_200.webp;;;;;;35%;Común;
82;1;100;PT;Portugal;Portugal;PT.webp;1999;2026;;0;0;;PT1;Portugal 1;1 € Portugal (1);Sello de Afonso Henriques 1144;Seal of Afonso Henriques 1144;PT_1999_100.webp;1999_100.webp;2007_100.webp;;;;;;24%;Común;
83;1;50;PT;Portugal;Portugal;PT.webp;1999;2026;;0;0;;PT1;Portugal 1;50 cents. Portugal (1);Sello de Afonso Henriques 1142;Seal of Afonso Henriques 1142;PT_1999_50.webp;1999_50.webp;2007_50.webp;;;;;;26%;Común;
84;1;20;PT;Portugal;Portugal;PT.webp;1999;2026;;0;0;;PT1;Portugal 1;20 cents. Portugal (1);Sello de Afonso Henriques 1142;Seal of Afonso Henriques 1142;PT_1999_20.webp;1999_20.webp;2007_20.webp;;;;;;24%;Común;
85;1;10;PT;Portugal;Portugal;PT.webp;1999;2026;;0;0;;PT1;Portugal 1;10 cents. Portugal (1);Sello de Afonso Henriques 1142;Seal of Afonso Henriques 1142;PT_1999_10.webp;1999_10.webp;2007_10.webp;;;;;;25%;Común;
86;1;5;PT;Portugal;Portugal;PT.webp;1999;2026;;0;0;;PT1;Portugal 1;5 cents. Portugal (1);Sello de Afonso Henriques 1134;Seal of Afonso Henriques 1134;PT_1999_5.webp;1999_5.webp;;;;;;;21%;Común;
87;1;2;PT;Portugal;Portugal;PT.webp;1999;2026;;0;0;;PT1;Portugal 1;2 cents. Portugal (1);Sello de Afonso Henriques 1134;Seal of Afonso Henriques 1134;PT_1999_2.webp;1999_2.webp;;;;;;;21%;Común;
88;1;1;PT;Portugal;Portugal;PT.webp;1999;2026;;0;0;;PT1;Portugal 1;1 cent. Portugal (1);Sello de Afonso Henriques 1134;Seal of Afonso Henriques 1134;PT_1999_1.webp;1999_1.webp;;;;;;;17%;Muy común;
89;1;200;GR;Ελλάδα;Grecia;GR.webp;2001;2026;;0;0;;GR1;Grecia 1;2 € Grecia (1);El rapto de Europa por Zeus;Europa Abducted by Zeus;GR_2001_200.webp;1999_200.webp;2007_200.webp;;;;;;28%;Común;
90;1;100;GR;Ελλάδα;Grecia;GR.webp;2001;2026;;0;0;;GR1;Grecia 1;1 € Grecia (1);Búho ateniense;Athenian Owl;GR_2001_100.webp;1999_100.webp;2007_100.webp;;;;;;27%;Común;
91;1;50;GR;Ελλάδα;Grecia;GR.webp;2001;2026;;0;0;;GR1;Grecia 1;50 cents. Grecia (1);Eleftherios Venizelos;Eleftherios Venizelos;GR_2001_50.webp;1999_50.webp;2007_50.webp;;;;;;27%;Común;
92;1;20;GR;Ελλάδα;Grecia;GR.webp;2001;2026;;0;0;;GR1;Grecia 1;20 cents. Grecia (1);Ioannis Capodistrias;Ioannis Capodistrias;GR_2001_20.webp;1999_20.webp;2007_20.webp;;;;;;21%;Común;
93;1;10;GR;Ελλάδα;Grecia;GR.webp;2001;2026;;0;0;;GR1;Grecia 1;10 cents. Grecia (1);Rigas-Fereos;Rigas-Fereos;GR_2001_10.webp;1999_10.webp;2007_10.webp;;;;;;19%;Muy común;
94;1;5;GR;Ελλάδα;Grecia;GR.webp;2001;2026;;0;0;;GR1;Grecia 1;5 cents. Grecia (1);Petrolero moderno;Modern tanker;GR_2001_5.webp;1999_5.webp;;;;;;;19%;Muy común;
95;1;2;GR;Ελλάδα;Grecia;GR.webp;2001;2026;;0;0;;GR1;Grecia 1;2 cents. Grecia (1);Corbeta del siglo XIX;19th-Century Corvette;GR_2001_2.webp;1999_2.webp;;;;;;;18%;Muy común;
96;1;1;GR;Ελλάδα;Grecia;GR.webp;2001;2026;;0;0;;GR1;Grecia 1;1 cent. Grecia (1);Trirreme ateniense;Athenian Trireme;GR_2001_1.webp;1999_1.webp;;;;;;;18%;Muy común;
97;1;200;MC;Monaco;Mónaco;MC.webp;2001;2005;;0;0;;MC1;Mónaco 1: Rainiero III;2 € Mónaco (1);Príncipe Rainiero III;Prince Rainier III;MC_2001_200.webp;1999_200.webp;;;;;;;62%;Rara;
98;1;100;MC;Monaco;Mónaco;MC.webp;2001;2005;;0;0;;MC1;Mónaco 1: Rainiero III;1 € Mónaco (1);Príncipe Rainiero III;Prince Rainier III;MC_2001_100.webp;1999_100.webp;;;;;;;62%;Rara;
99;1;50;MC;Monaco;Mónaco;MC.webp;2001;2005;;0;0;;MC1;Mónaco 1: Rainiero III;50 cents. Mónaco (1);Sello del príncipe Rainiero;Seal of Prince Rainier III;MC_2001_50.webp;1999_50.webp;;;;;;;67%;Rara;
100;1;20;MC;Monaco;Mónaco;MC.webp;2001;2005;;0;0;;MC1;Mónaco 1: Rainiero III;20 cents. Mónaco (1);Sello del príncipe Rainiero;Seal of Prince Rainier III;MC_2001_20.webp;1999_20.webp;;;;;;;66%;Rara;
101;1;10;MC;Monaco;Mónaco;MC.webp;2001;2005;;0;0;;MC1;Mónaco 1: Rainiero III;10 cents. Mónaco (1);Sello del príncipe Rainiero;Seal of Prince Rainier III;MC_2001_10.webp;1999_10.webp;;;;;;;67%;Rara;
102;1;5;MC;Monaco;Mónaco;MC.webp;2001;2005;;0;0;;MC1;Mónaco 1: Rainiero III;5 cents. Mónaco (1);Escudo de armas de Mónaco;Monaco Coat of Arms;MC_2001_5.webp;1999_5.webp;;;;;;;72%;Rara;
103;1;2;MC;Monaco;Mónaco;MC.webp;2001;2005;;0;0;;MC1;Mónaco 1: Rainiero III;2 cents. Mónaco (1);Escudo de armas de Mónaco;Monaco Coat of Arms;MC_2001_2.webp;1999_2.webp;;;;;;;71%;Rara;
104;1;1;MC;Monaco;Mónaco;MC.webp;2001;2005;;0;0;;MC1;Mónaco 1: Rainiero III;1 cent. Mónaco (1);Escudo de armas de Mónaco;Monaco Coat of Arms;MC_2001_1.webp;1999_1.webp;;;;;;;71%;Rara;
105;1;200;SM;San Marino;San Marino;SM.webp;2002;2016;;0;0;;SM1;San Marino 1;2 € San Marino (1);Palazzo Pubblico;Palazzo Pubblico;SM_2002_200.webp;1999_200.webp;2007_200.webp;;;;;;55%;Intermedia;
106;1;100;SM;San Marino;San Marino;SM.webp;2002;2016;;0;0;;SM1;San Marino 1;1 € San Marino (1);Escudo de armas de San Marino;San Marino Coat of Arms;SM_2002_100.webp;1999_100.webp;2007_100.webp;;;;;;52%;Intermedia;
107;1;50;SM;San Marino;San Marino;SM.webp;2002;2016;;0;0;;SM1;San Marino 1;50 cents. San Marino (1);Torres Guaita, Cesta y Montale;Guaita, Cesta & Montale Towers;SM_2002_50.webp;1999_50.webp;2007_50.webp;;;;;;54%;Intermedia;
108;1;20;SM;San Marino;San Marino;SM.webp;2002;2016;;0;0;;SM1;San Marino 1;20 cents. San Marino (1);San Marino con ciudad en mano;San Marino Holding the City;SM_2002_20.webp;1999_20.webp;2007_20.webp;;;;;;57%;Intermedia;
109;1;10;SM;San Marino;San Marino;SM.webp;2002;2016;;0;0;;SM1;San Marino 1;10 cents. San Marino (1);Basílica de San Marino ;Basilica of San Marino;SM_2002_10.webp;1999_10.webp;2007_10.webp;;;;;;63%;Rara;
110;1;5;SM;San Marino;San Marino;SM.webp;2002;2016;;0;0;;SM1;San Marino 1;5 cents. San Marino (1);Terre de Guaita;Guaita Tower;SM_2002_5.webp;1999_5.webp;;;;;;;55%;Intermedia;
111;1;2;SM;San Marino;San Marino;SM.webp;2002;2016;;0;0;;SM1;San Marino 1;2 cents. San Marino (1);Estatua de la Libertad;Statue of Libert;SM_2002_2.webp;1999_2.webp;;;;;;;54%;Intermedia;
112;1;1;SM;San Marino;San Marino;SM.webp;2002;2016;;0;0;;SM1;San Marino 1;1 cent. San Marino (1);Torre Montale;Montale Tower;SM_2002_1.webp;1999_1.webp;;;;;;;54%;Intermedia;
113;1;200;VA;Città del Vaticano;Ciudad del Vaticano;VA.webp;2002;2005;;0;0;;VA1;Vaticano 1: Juan Pablo II;2 € Vaticano (1);Papa Juan Pablo II;Pope John Paul II;VA_2002_200.webp;1999_200.webp;;;;;;;72%;Rara;
114;1;100;VA;Città del Vaticano;Ciudad del Vaticano;VA.webp;2002;2005;;0;0;;VA1;Vaticano 1: Juan Pablo II;1 € Vaticano (1);Papa Juan Pablo II;Pope John Paul II;VA_2002_100.webp;1999_100.webp;;;;;;;72%;Rara;
115;1;50;VA;Città del Vaticano;Ciudad del Vaticano;VA.webp;2002;2005;;0;0;;VA1;Vaticano 1: Juan Pablo II;50 cents. Vaticano (1);Papa Juan Pablo II;Pope John Paul II;VA_2002_50.webp;1999_50.webp;;;;;;;72%;Rara;
116;1;20;VA;Città del Vaticano;Ciudad del Vaticano;VA.webp;2002;2005;;0;0;;VA1;Vaticano 1: Juan Pablo II;20 cents. Vaticano (1);Papa Juan Pablo II;Pope John Paul II;VA_2002_20.webp;1999_20.webp;;;;;;;72%;Rara;
117;1;10;VA;Città del Vaticano;Ciudad del Vaticano;VA.webp;2002;2005;;0;0;;VA1;Vaticano 1: Juan Pablo II;10 cents. Vaticano (1);Papa Juan Pablo II;Pope John Paul II;VA_2002_10.webp;1999_10.webp;;;;;;;72%;Rara;
118;1;5;VA;Città del Vaticano;Ciudad del Vaticano;VA.webp;2002;2005;;0;0;;VA1;Vaticano 1: Juan Pablo II;5 cents. Vaticano (1);Papa Juan Pablo II;Pope John Paul II;VA_2002_5.webp;1999_5.webp;;;;;;;72%;Rara;
119;1;2;VA;Città del Vaticano;Ciudad del Vaticano;VA.webp;2002;2005;;0;0;;VA1;Vaticano 1: Juan Pablo II;2 cents. Vaticano (1);Papa Juan Pablo II;Pope John Paul II;VA_2002_2.webp;1999_2.webp;;;;;;;72%;Rara;
120;1;1;VA;Città del Vaticano;Ciudad del Vaticano;VA.webp;2002;2005;;0;0;;VA1;Vaticano 1: Juan Pablo II;1 cent. Vaticano (1);Papa Juan Pablo II;Pope John Paul II;VA_2002_1.webp;1999_1.webp;;;;;;;72%;Rara;
121;1;200;VA;Città del Vaticano;Ciudad del Vaticano;VA.webp;2005;2005;;0;0;;VA2;Vaticano 2: Sede Vacante;2 € Vaticano (2);Escudo del Camarlengo;Camerlengo Coat of Arms;VA_2005_200.webp;1999_200.webp;;;;;;;85%;Solo existen versiones de colección;
122;1;100;VA;Città del Vaticano;Ciudad del Vaticano;VA.webp;2005;2005;;0;0;;VA2;Vaticano 2: Sede Vacante;1 € Vaticano (2);Escudo del Camarlengo;Camerlengo Coat of Arms;VA_2005_100.webp;1999_100.webp;;;;;;;85%;Solo existen versiones de colección;
123;1;50;VA;Città del Vaticano;Ciudad del Vaticano;VA.webp;2005;2005;;0;0;;VA2;Vaticano 2: Sede Vacante;50 cents. Vaticano (2);Escudo del Camarlengo;Camerlengo Coat of Arms;VA_2005_50.webp;1999_50.webp;;;;;;;85%;Solo existen versiones de colección;
124;1;20;VA;Città del Vaticano;Ciudad del Vaticano;VA.webp;2005;2005;;0;0;;VA2;Vaticano 2: Sede Vacante;20 cents. Vaticano (2);Escudo del Camarlengo;Camerlengo Coat of Arms;VA_2005_20.webp;1999_20.webp;;;;;;;85%;Solo existen versiones de colección;
125;1;10;VA;Città del Vaticano;Ciudad del Vaticano;VA.webp;2005;2005;;0;0;;VA2;Vaticano 2: Sede Vacante;10 cents. Vaticano (2);Escudo del Camarlengo;Camerlengo Coat of Arms;VA_2005_10.webp;1999_10.webp;;;;;;;85%;Solo existen versiones de colección;
126;1;5;VA;Città del Vaticano;Ciudad del Vaticano;VA.webp;2005;2005;;0;0;;VA2;Vaticano 2: Sede Vacante;5 cents. Vaticano (2);Escudo del Camarlengo;Camerlengo Coat of Arms;VA_2005_5.webp;1999_5.webp;;;;;;;85%;Solo existen versiones de colección;
127;1;2;VA;Città del Vaticano;Ciudad del Vaticano;VA.webp;2005;2005;;0;0;;VA2;Vaticano 2: Sede Vacante;2 cents. Vaticano (2);Escudo del Camarlengo;Camerlengo Coat of Arms;VA_2005_2.webp;1999_2.webp;;;;;;;85%;Solo existen versiones de colección;
128;1;1;VA;Città del Vaticano;Ciudad del Vaticano;VA.webp;2005;2005;;0;0;;VA2;Vaticano 2: Sede Vacante;1 cent. Vaticano (2);Escudo del Camarlengo;Camerlengo Coat of Arms;VA_2005_1.webp;1999_1.webp;;;;;;;85%;Solo existen versiones de colección;
129;1;200;MC;Monaco;Mónaco;MC.webp;2006;2024;;0;0;;MC2;Mónaco 2:  Alberto II;2 € Mónaco (2);Príncipe Alberto II;Prince Albert II;MC_2006_200.webp;1999_200.webp;2007_200.webp;;;;;;47%;Intermedia;
130;1;100;MC;Monaco;Mónaco;MC.webp;2006;2024;;0;0;;MC2;Mónaco 2:  Alberto II;1 € Mónaco (2);Príncipe Alberto II;Prince Albert II;MC_2006_100.webp;1999_100.webp;2007_100.webp;;;;;;50%;Intermedia;
131;1;50;MC;Monaco;Mónaco;MC.webp;2006;2026;;0;0;;MC2;Mónaco 2:  Alberto II;50 cents. Mónaco (2);Sello del príncipe Alberto;Seal of Prince Albert;MC_2006_50.webp;1999_50.webp;2007_50.webp;;;;;;84%;Solo existen versiones de colección;
132;1;20;MC;Monaco;Mónaco;MC.webp;2006;2026;;0;0;;MC2;Mónaco 2:  Alberto II;20 cents. Mónaco (2);Sello del príncipe Alberto;Seal of Prince Albert;MC_2006_20.webp;1999_20.webp;2007_20.webp;;;;;;84%;Solo existen versiones de colección;
133;1;10;MC;Monaco;Mónaco;MC.webp;2006;2026;;0;0;;MC2;Mónaco 2:  Alberto II;10 cents. Mónaco (2);Sello del príncipe Alberto;Seal of Prince Albert;MC_2006_10.webp;1999_10.webp;2007_10.webp;;;;;;84%;Solo existen versiones de colección;
134;1;5;MC;Monaco;Mónaco;MC.webp;2006;2026;;0;0;;MC2;Mónaco 2:  Alberto II;5 cents. Mónaco (2);Escudo de armas de Mónaco;Monaco Coat of Arms;MC_2006_5.webp;1999_5.webp;;;;;;;84%;Solo existen versiones de colección;
135;1;2;MC;Monaco;Mónaco;MC.webp;2006;2026;;0;0;;MC2;Mónaco 2:  Alberto II;2 cents. Mónaco (2);Escudo de armas de Mónaco;Monaco Coat of Arms;MC_2006_2.webp;1999_2.webp;;;;;;;84%;Solo existen versiones de colección;
136;1;1;MC;Monaco;Mónaco;MC.webp;2006;2026;;0;0;;MC2;Mónaco 2:  Alberto II;1 cent. Mónaco (2);Escudo de armas de Mónaco;Monaco Coat of Arms;MC_2006_1.webp;1999_1.webp;;;;;;;84%;Solo existen versiones de colección;
137;1;200;VA;Città del Vaticano;Ciudad del Vaticano;VA.webp;2006;2013;;0;0;;VA3;Vaticano 3: Benedicto XVI;2 € Vaticano (3);Papa Benedicto XVI;Pope Benedict XVI;VA_2006_200.webp;1999_200.webp;2007_200.webp;;;;;;67%;Rara;
138;1;100;VA;Città del Vaticano;Ciudad del Vaticano;VA.webp;2006;2013;;0;0;;VA3;Vaticano 3: Benedicto XVI;1 € Vaticano (3);Papa Benedicto XVI;Pope Benedict XVI;VA_2006_100.webp;1999_100.webp;2007_100.webp;;;;;;67%;Rara;
139;1;50;VA;Città del Vaticano;Ciudad del Vaticano;VA.webp;2006;2013;;0;0;;VA3;Vaticano 3: Benedicto XVI;50 cents. Vaticano (3);Papa Benedicto XVI;Pope Benedict XVI;VA_2006_50.webp;1999_50.webp;2007_50.webp;;;;;;50%;Intermedia;
140;1;20;VA;Città del Vaticano;Ciudad del Vaticano;VA.webp;2006;2013;;0;0;;VA3;Vaticano 3: Benedicto XVI;20 cents. Vaticano (3);Papa Benedicto XVI;Pope Benedict XVI;VA_2006_20.webp;1999_20.webp;2007_20.webp;;;;;;67%;Rara;
141;1;10;VA;Città del Vaticano;Ciudad del Vaticano;VA.webp;2006;2013;;0;0;;VA3;Vaticano 3: Benedicto XVI;10 cents. Vaticano (3);Papa Benedicto XVI;Pope Benedict XVI;VA_2006_10.webp;1999_10.webp;2007_10.webp;;;;;;67%;Rara;
142;1;5;VA;Città del Vaticano;Ciudad del Vaticano;VA.webp;2006;2013;;0;0;;VA3;Vaticano 3: Benedicto XVI;5 cents. Vaticano (3);Papa Benedicto XVI;Pope Benedict XVI;VA_2006_5.webp;1999_5.webp;;;;;;;67%;Rara;
143;1;2;VA;Città del Vaticano;Ciudad del Vaticano;VA.webp;2006;2013;;0;0;;VA3;Vaticano 3: Benedicto XVI;2 cents. Vaticano (3);Papa Benedicto XVI;Pope Benedict XVI;VA_2006_2.webp;1999_2.webp;;;;;;;67%;Rara;
144;1;1;VA;Città del Vaticano;Ciudad del Vaticano;VA.webp;2006;2013;;0;0;;VA3;Vaticano 3: Benedicto XVI;1 cent. Vaticano (3);Papa Benedicto XVI;Pope Benedict XVI;VA_2006_1.webp;1999_1.webp;;;;;;;67%;Rara;
145;1;200;SI;Slovenija;Eslovenia;SI.webp;2007;2026;;0;0;;SI1;Eslovenia 1;2 € Eslovenia (1);France Prešeren;France Prešeren;SI_2007_200.webp;;2007_200.webp;;;;;;41%;Intermedia;
146;1;100;SI;Slovenija;Eslovenia;SI.webp;2007;2026;;0;0;;SI1;Eslovenia 1;1 € Eslovenia (1);Primož Trubar;Primož Trubar;SI_2007_100.webp;;2007_100.webp;;;;;;42%;Intermedia;
147;1;50;SI;Slovenija;Eslovenia;SI.webp;2007;2026;;0;0;;SI1;Eslovenia 1;50 cents. Eslovenia (1);Monte Triglav;Mount Triglav;SI_2007_50.webp;;2007_50.webp;;;;;;40%;Intermedia;
148;1;20;SI;Slovenija;Eslovenia;SI.webp;2007;2026;;0;0;;SI1;Eslovenia 1;20 cents. Eslovenia (1);Caballos lipizzanos;Lipizzaner horses;SI_2007_20.webp;;2007_20.webp;;;;;;36%;Común;
149;1;10;SI;Slovenija;Eslovenia;SI.webp;2007;2026;;0;0;;SI1;Eslovenia 1;10 cents. Eslovenia (1);Catedral de la Libertad;Cathedral of Freedom;SI_2007_10.webp;;2007_10.webp;;;;;;34%;Común;
150;1;5;SI;Slovenija;Eslovenia;SI.webp;2007;2026;;0;0;;SI1;Eslovenia 1;5 cents. Eslovenia (1);Hombre sembrando estrellas;Man Sowing Stars;SI_2007_5.webp;1999_5.webp;;;;;;;34%;Común;
151;1;2;SI;Slovenija;Eslovenia;SI.webp;2007;2026;;0;0;;SI1;Eslovenia 1;2 cents. Eslovenia (1);Antigua piedra de coronación;Ancient Sovereign Stone;SI_2007_2.webp;1999_2.webp;;;;;;;32%;Común;
152;1;1;SI;Slovenija;Eslovenia;SI.webp;2007;2026;;0;0;;SI1;Eslovenia 1;1 cent. Eslovenia (1);Cigüeña;Stork;SI_2007_1.webp;1999_1.webp;;;;;;;28%;Común;
153;1;200;BE;Belgie · Belgique · Belgien;Bélgica;BE.webp;2008;2008;;0;0;;BE2;Bélgica 2: Alberto II;2 € Bélgica (2);Rey Alberto II;King Albert II;BE_2008_200.webp;;2007_200.webp;;;;;;45%;Intermedia;
154;1;100;BE;Belgie · Belgique · Belgien;Bélgica;BE.webp;2008;2008;;0;0;;BE2;Bélgica 2: Alberto II;1 € Bélgica (2);Rey Alberto II;King Albert II;BE_2008_100.webp;;2007_100.webp;;;;;;54%;Intermedia;
155;1;50;BE;Belgie · Belgique · Belgien;Bélgica;BE.webp;2008;2008;;0;0;;BE2;Bélgica 2: Alberto II;50 cents. Bélgica (2);Rey Alberto II;King Albert II;BE_2008_50.webp;;2007_50.webp;;;;;;43%;Intermedia;
156;1;20;BE;Belgie · Belgique · Belgien;Bélgica;BE.webp;2008;2008;;0;0;;BE2;Bélgica 2: Alberto II;20 cents. Bélgica (2);Rey Alberto II;King Albert II;BE_2008_20.webp;;2007_20.webp;;;;;;45%;Intermedia;
157;1;10;BE;Belgie · Belgique · Belgien;Bélgica;BE.webp;2008;2008;;0;0;;BE2;Bélgica 2: Alberto II;10 cents. Bélgica (2);Rey Alberto II;King Albert II;BE_2008_10.webp;;2007_10.webp;;;;;;87%;Solo existen versiones de colección;
158;1;5;BE;Belgie · Belgique · Belgien;Bélgica;BE.webp;2008;2008;;0;0;;BE2;Bélgica 2: Alberto II;5 cents. Bélgica (2);Rey Alberto II;King Albert II;BE_2008_5.webp;1999_5.webp;;;;;;;87%;Solo existen versiones de colección;
159;1;2;BE;Belgie · Belgique · Belgien;Bélgica;BE.webp;2008;2008;;0;0;;BE2;Bélgica 2: Alberto II;2 cents. Bélgica (2);Rey Alberto II;King Albert II;BE_2008_2.webp;1999_2.webp;;;;;;;87%;Solo existen versiones de colección;
160;1;1;BE;Belgie · Belgique · Belgien;Bélgica;BE.webp;2008;2008;;0;0;;BE2;Bélgica 2: Alberto II;1 cent. Bélgica (2);Rey Alberto II;King Albert II;BE_2008_1.webp;1999_1.webp;;;;;;;87%;Solo existen versiones de colección;
161;1;200;CY;Κύπρος;Chipre;CY.webp;2008;2026;;0;0;;CY1;Chipre 1;2 € Chipre (1);Ídolo de Pomos;Idol of Pomos;CY_2008_200.webp;;2007_200.webp;;;;;;38%;Común;
162;1;100;CY;Κύπρος;Chipre;CY.webp;2008;2026;;0;0;;CY1;Chipre 1;1 € Chipre (1);Ídolo de Pomos;Idol of Pomos;CY_2008_100.webp;;2007_100.webp;;;;;;40%;Intermedia;
163;1;50;CY;Κύπρος;Chipre;CY.webp;2008;2026;;0;0;;CY1;Chipre 1;50 cents. Chipre (1);Barco de Kyrenia;Kyrenia Ship;CY_2008_50.webp;;2007_50.webp;;;;;;40%;Intermedia;
164;1;20;CY;Κύπρος;Chipre;CY.webp;2008;2026;;0;0;;CY1;Chipre 1;20 cents. Chipre (1);Barco de Kyrenia;Kyrenia Ship;CY_2008_20.webp;;2007_20.webp;;;;;;34%;Común;
165;1;10;CY;Κύπρος;Chipre;CY.webp;2008;2026;;0;0;;CY1;Chipre 1;10 cents. Chipre (1);Barco de Kyrenia;Kyrenia Ship;CY_2008_10.webp;;2007_10.webp;;;;;;34%;Común;
166;1;5;CY;Κύπρος;Chipre;CY.webp;2008;2026;;0;0;;CY1;Chipre 1;5 cents. Chipre (1);Muflón;Mouflon;CY_2008_5.webp;1999_5.webp;;;;;;;31%;Común;
167;1;2;CY;Κύπρος;Chipre;CY.webp;2008;2026;;0;0;;CY1;Chipre 1;2 cents. Chipre (1);Muflón;Mouflon;CY_2008_2.webp;1999_2.webp;;;;;;;31%;Común;
168;1;1;CY;Κύπρος;Chipre;CY.webp;2008;2026;;0;0;;CY1;Chipre 1;1 cent. Chipre (1);Muflón;Mouflon;CY_2008_1.webp;1999_1.webp;;;;;;;31%;Común;
169;1;200;MT;Malta;Malta;MT.webp;2008;2026;;0;0;;MT1;Malta 1;2 € Malta (1);Cruz de Malta de 8 puntas;Eight-Pointed Maltese Cross;MT_2008_200.webp;;2007_200.webp;;;;;;44%;Intermedia;
170;1;100;MT;Malta;Malta;MT.webp;2008;2026;;0;0;;MT1;Malta 1;1 € Malta (1);Cruz de Malta de 8 puntas;Eight-pointed Maltese cross;MT_2008_100.webp;;2007_100.webp;;;;;;44%;Intermedia;
171;1;50;MT;Malta;Malta;MT.webp;2008;2026;;0;0;;MT1;Malta 1;50 cents. Malta (1);Escudo de armas de Malta;Maltese Coat of Arms;MT_2008_50.webp;;2007_50.webp;;;;;;43%;Intermedia;
172;1;20;MT;Malta;Malta;MT.webp;2008;2026;;0;0;;MT1;Malta 1;20 cents. Malta (1);Escudo de armas de Malta;Maltese Coat of Arms;MT_2008_20.webp;;2007_20.webp;;;;;;38%;Común;
173;1;10;MT;Malta;Malta;MT.webp;2008;2026;;0;0;;MT1;Malta 1;10 cents. Malta (1);Escudo de armas de Malta;Maltese Coat of Arms;MT_2008_10.webp;;2007_10.webp;;;;;;37%;Común;
174;1;5;MT;Malta;Malta;MT.webp;2008;2026;;0;0;;MT1;Malta 1;5 cents. Malta (1);Complejo neolítico;Neolithic Complex;MT_2008_5.webp;1999_5.webp;;;;;;;34%;Común;
175;1;2;MT;Malta;Malta;MT.webp;2008;2026;;0;0;;MT1;Malta 1;2 cents. Malta (1);Complejo neolítico;Neolithic Complex;MT_2008_2.webp;1999_2.webp;;;;;;;36%;Común;
176;1;1;MT;Malta;Malta;MT.webp;2008;2026;;0;0;;MT1;Malta 1;1 cent. Malta (1);Complejo neolítico;Neolithic Complex;MT_2008_1.webp;1999_1.webp;;;;;;;36%;Común;
177;1;200;BE;Belgie · Belgique · Belgien;Bélgica;BE.webp;2009;2013;;0;0;;BE3;Bélgica 3: Alberto II;2 € Bélgica (3);Rey Alberto II;King Albert II;BE_2009_200.webp;;2007_200.webp;;;;;;38%;Común;
178;1;100;BE;Belgie · Belgique · Belgien;Bélgica;BE.webp;2009;2013;;0;0;;BE3;Bélgica 3: Alberto II;1 € Bélgica (3);Rey Alberto II;King Albert II;BE_2009_100.webp;;2007_100.webp;;;;;;41%;Intermedia;
179;1;50;BE;Belgie · Belgique · Belgien;Bélgica;BE.webp;2009;2013;;0;0;;BE3;Bélgica 3: Alberto II;50 cents. Bélgica (3);Rey Alberto II;King Albert II;BE_2009_50.webp;;2007_50.webp;;;;;;36%;Común;
180;1;20;BE;Belgie · Belgique · Belgien;Bélgica;BE.webp;2009;2013;;0;0;;BE3;Bélgica 3: Alberto II;20 cents. Bélgica (3);Rey Alberto II;King Albert II;BE_2009_20.webp;;2007_20.webp;;;;;;32%;Común;
181;1;10;BE;Belgie · Belgique · Belgien;Bélgica;BE.webp;2009;2013;;0;0;;BE3;Bélgica 3: Alberto II;10 cents. Bélgica (3);Rey Alberto II;King Albert II;BE_2009_10.webp;;2007_10.webp;;;;;;36%;Común;
182;1;5;BE;Belgie · Belgique · Belgien;Bélgica;BE.webp;2009;2013;;0;0;;BE3;Bélgica 3: Alberto II;5 cents. Bélgica (3);Rey Alberto II;King Albert II;BE_2009_5.webp;1999_5.webp;;;;;;;34%;Común;
183;1;2;BE;Belgie · Belgique · Belgien;Bélgica;BE.webp;2009;2013;;0;0;;BE3;Bélgica 3: Alberto II;2 cents. Bélgica (3);Rey Alberto II;King Albert II;BE_2009_2.webp;1999_2.webp;;;;;;;35%;Común;
184;1;1;BE;Belgie · Belgique · Belgien;Bélgica;BE.webp;2009;2013;;0;0;;BE3;Bélgica 3: Alberto II;1 cent. Bélgica (3);Rey Alberto II;King Albert II;BE_2009_1.webp;1999_1.webp;;;;;;;31%;Común;
185;1;200;SK;Slovensko;Eslovaquia;SK.webp;2009;2026;;0;0;;SK1;Eslovaquia 1;2 € Eslovaquia (1);Cruz doble sobre tres colinas;Double Cross on Three Hills;SK_2009_200.webp;;2007_200.webp;;;;;;35%;Común;
186;1;100;SK;Slovensko;Eslovaquia;SK.webp;2009;2026;;0;0;;SK1;Eslovaquia 1;1 € Eslovaquia (1);Cruz doble sobre tres colinas;Double Cross on Three Hills;SK_2009_100.webp;;2007_100.webp;;;;;;38%;Común;
187;1;50;SK;Slovensko;Eslovaquia;SK.webp;2009;2026;;0;0;;SK1;Eslovaquia 1;50 cents. Eslovaquia (1);Castillo de Bratislava;Bratislava Castle above Danube;SK_2009_50.webp;;2007_50.webp;;;;;;37%;Común;
188;1;20;SK;Slovensko;Eslovaquia;SK.webp;2009;2026;;0;0;;SK1;Eslovaquia 1;20 cents. Eslovaquia (1);Castillo de Bratislava;Bratislava Castle above Danube;SK_2009_20.webp;;2007_20.webp;;;;;;36%;Común;
189;1;10;SK;Slovensko;Eslovaquia;SK.webp;2009;2026;;0;0;;SK1;Eslovaquia 1;10 cents. Eslovaquia (1);Castillo de Bratislava;Bratislava Castle above Danube;SK_2009_10.webp;;2007_10.webp;;;;;;33%;Común;
190;1;5;SK;Slovensko;Eslovaquia;SK.webp;2009;2026;;0;0;;SK1;Eslovaquia 1;5 cents. Eslovaquia (1);Pico Kriváň, Tatras;Kriváň Peak, High Tatras;SK_2009_5.webp;1999_5.webp;;;;;;;30%;Común;
191;1;2;SK;Slovensko;Eslovaquia;SK.webp;2009;2026;;0;0;;SK1;Eslovaquia 1;2 cents. Eslovaquia (1);Pico Kriváň, Tatras;Kriváň Peak, High Tatras;SK_2009_2.webp;1999_2.webp;;;;;;;27%;Común;
192;1;1;SK;Slovensko;Eslovaquia;SK.webp;2009;2026;;0;0;;SK1;Eslovaquia 1;1 cent. Eslovaquia (1);Pico Kriváň, Tatras;Kriváň Peak, High Tatras;SK_2009_1.webp;1999_1.webp;;;;;;;24%;Común;
193;1;200;ES;España;España;ES.webp;2010;2014;;0;0;;ES2;España 2: Juan Carlos;2 € España (2);Rey Juan Carlos;King Juan Carlos;ES_2010_200.webp;;2007_200.webp;;;;;;45%;Intermedia;
194;1;100;ES;España;España;ES.webp;2010;2014;;0;0;;ES2;España 2: Juan Carlos;1 € España (2);Rey Juan Carlos;King Juan Carlos;ES_2010_100.webp;;2007_100.webp;;;;;;30%;Común;
195;1;50;ES;España;España;ES.webp;2010;2026;;0;0;;ES2;España 2: Juan Carlos;50 cents. España (2);Miguel de Cervantes;Miguel de Cervantes;ES_2010_50.webp;;2007_50.webp;;;;;;26%;Común;
196;1;20;ES;España;España;ES.webp;2010;2026;;0;0;;ES2;España 2: Juan Carlos;20 cents. España (2);Miguel de Cervantes;Miguel de Cervantes;ES_2010_20.webp;;2007_20.webp;;;;;;20%;Muy común;
197;1;10;ES;España;España;ES.webp;2010;2026;;0;0;;ES2;España 2: Juan Carlos;10 cents. España (2);Miguel de Cervantes;Miguel de Cervantes;ES_2010_10.webp;;2007_10.webp;;;;;;19%;Muy común;
198;1;5;ES;España;España;ES.webp;2010;2026;;0;0;;ES2;España 2: Juan Carlos;5 cents. España (2);Catedral de Santiago de Compostela;Santiago de Compostela Cathedral;ES_2010_5.webp;1999_5.webp;;;;;;;12%;Muy común;
199;1;2;ES;España;España;ES.webp;2010;2026;;0;0;;ES2;España 2: Juan Carlos;2 cents. España (2);Catedral de Santiago de Compostela;Santiago de Compostela Cathedral;ES_2010_2.webp;1999_2.webp;;;;;;;12%;Muy común;
200;1;1;ES;España;España;ES.webp;2010;2026;;0;0;;ES2;España 2: Juan Carlos;1 cent. España (2);Catedral de Santiago de Compostela;Santiago de Compostela Cathedral;ES_2010_1.webp;1999_1.webp;;;;;;;8%;Muy común;
201;1;200;EE;Eesti;Estonia;EE.webp;2011;2026;;0;0;;EE1;Estonia 1;2 € Estonia (1);Mapa de Estonia;Map of Estonia;EE_2011_200.webp;;2007_200.webp;;;;;;48%;Intermedia;
202;1;100;EE;Eesti;Estonia;EE.webp;2011;2026;;0;0;;EE1;Estonia 1;1 € Estonia (1);Mapa de Estonia;Map of Estonia;EE_2011_100.webp;;2007_100.webp;;;;;;46%;Intermedia;
203;1;50;EE;Eesti;Estonia;EE.webp;2011;2026;;0;0;;EE1;Estonia 1;50 cents. Estonia (1);Mapa de Estonia;Map of Estonia;EE_2011_50.webp;;2007_50.webp;;;;;;45%;Intermedia;
204;1;20;EE;Eesti;Estonia;EE.webp;2011;2026;;0;0;;EE1;Estonia 1;20 cents. Estonia (1);Mapa de Estonia;Map of Estonia;EE_2011_20.webp;;2007_20.webp;;;;;;40%;Común;
205;1;10;EE;Eesti;Estonia;EE.webp;2011;2026;;0;0;;EE1;Estonia 1;10 cents. Estonia (1);Mapa de Estonia;Map of Estonia;EE_2011_10.webp;;2007_10.webp;;;;;;40%;Intermedia;
206;1;5;EE;Eesti;Estonia;EE.webp;2011;2026;;0;0;;EE1;Estonia 1;5 cents. Estonia (1);Mapa de Estonia;Map of Estonia;EE_2011_5.webp;1999_5.webp;;;;;;;39%;Común;
207;1;2;EE;Eesti;Estonia;EE.webp;2011;2026;;0;0;;EE1;Estonia 1;2 cents. Estonia (1);Mapa de Estonia;Map of Estonia;EE_2011_2.webp;1999_2.webp;;;;;;;33%;Común;
208;1;1;EE;Eesti;Estonia;EE.webp;2011;2026;;0;0;;EE1;Estonia 1;1 cent. Estonia (1);Mapa de Estonia;Map of Estonia;EE_2011_1.webp;1999_1.webp;;;;;;;32%;Común;
209;1;200;AD;Andorra;Andorra;AD.webp;2014;2026;;0;0;;AD1;Andorra 1;2 € Andorra (1);Escudo de armas de Andorra;Andorra Coat of Arms;AD_2014_200.webp;;2007_200.webp;;;;;;48%;Intermedia;
210;1;100;AD;Andorra;Andorra;AD.webp;2014;2026;;0;0;;AD1;Andorra 1;1 € Andorra (1);Casa de la Vall;Casa de la Vall;AD_2014_100.webp;;2007_100.webp;;;;;;50%;Intermedia;
211;1;50;AD;Andorra;Andorra;AD.webp;2014;2026;;0;0;;AD1;Andorra 1;50 cents. Andorra (1);Iglesia de Santa Coloma;Santa Coloma Church;AD_2014_50.webp;;2007_50.webp;;;;;;52%;Intermedia;
212;1;20;AD;Andorra;Andorra;AD.webp;2014;2026;;0;0;;AD1;Andorra 1;20 cents. Andorra (1);Iglesia de Santa Coloma;Santa Coloma Church;AD_2014_20.webp;;2007_20.webp;;;;;;50%;Intermedia;
213;1;10;AD;Andorra;Andorra;AD.webp;2014;2026;;0;0;;AD1;Andorra 1;10 cents. Andorra (1);Iglesia de Santa Coloma;Santa Coloma Church;AD_2014_10.webp;;2007_10.webp;;;;;;50%;Intermedia;
214;1;5;AD;Andorra;Andorra;AD.webp;2014;2026;;0;0;;AD1;Andorra 1;5 cents. Andorra (1);Rebeco y quebrantahuesos;Chamois & Bearded Vulture;AD_2014_5.webp;1999_5.webp;;;;;;;50%;Intermedia;
215;1;2;AD;Andorra;Andorra;AD.webp;2014;2026;;0;0;;AD1;Andorra 1;2 cents. Andorra (1);Rebeco y quebrantahuesos;Chamois & Bearded Vulture;AD_2014_2.webp;1999_2.webp;;;;;;;50%;Intermedia;
216;1;1;AD;Andorra;Andorra;AD.webp;2014;2026;;0;0;;AD1;Andorra 1;1 cent. Andorra (1);Rebeco y quebrantahuesos;Chamois & Bearded Vulture;AD_2014_1.webp;1999_1.webp;;;;;;;48%;Intermedia;
217;1;200;BE;Belgie · Belgique · Belgien;Bélgica;BE.webp;2014;2026;;0;0;;BE4;Bélgica 4: Felipe;2 € Bélgica (4);Rey Felipe;King Philippe;BE_2014_200.webp;;2007_200.webp;;;;;;57%;Intermedia;
218;1;100;BE;Belgie · Belgique · Belgien;Bélgica;BE.webp;2014;2026;;0;0;;BE4;Bélgica 4: Felipe;1 € Bélgica (4);Rey Felipe;King Philippe;BE_2014_100.webp;;2007_100.webp;;;;;;73%;Solo existen versiones de colección;
219;1;50;BE;Belgie · Belgique · Belgien;Bélgica;BE.webp;2014;2026;;0;0;;BE4;Bélgica 4: Felipe;50 cents. Bélgica (4);Rey Felipe;King Philippe;BE_2014_50.webp;;2007_50.webp;;;;;;40%;Común;
220;1;20;BE;Belgie · Belgique · Belgien;Bélgica;BE.webp;2014;2026;;0;0;;BE4;Bélgica 4: Felipe;20 cents. Bélgica (4);Rey Felipe;King Philippe;BE_2014_20.webp;;2007_20.webp;;;;;;38%;Común;
221;1;10;BE;Belgie · Belgique · Belgien;Bélgica;BE.webp;2014;2026;;0;0;;BE4;Bélgica 4: Felipe;10 cents. Bélgica (4);Rey Felipe;King Philippe;BE_2014_10.webp;;2007_10.webp;;;;;;38%;Común;
222;1;5;BE;Belgie · Belgique · Belgien;Bélgica;BE.webp;2014;2026;;0;0;;BE4;Bélgica 4: Felipe;5 cents. Bélgica (4);Rey Felipe;King Philippe;BE_2014_5.webp;1999_5.webp;;;;;;;29%;Común;
223;1;2;BE;Belgie · Belgique · Belgien;Bélgica;BE.webp;2014;2026;;0;0;;BE4;Bélgica 4: Felipe;2 cents. Bélgica (4);Rey Felipe;King Philippe;BE_2014_2.webp;1999_2.webp;;;;;;;40%;Común;
224;1;1;BE;Belgie · Belgique · Belgien;Bélgica;BE.webp;2014;2026;;0;0;;BE4;Bélgica 4: Felipe;1 cent. Bélgica (4);Rey Felipe;King Philippe;BE_2014_1.webp;1999_1.webp;;;;;;;39%;Común;
225;1;200;LV;Latvija;Letonia;LV.webp;2014;2026;;0;0;;LV1;Letonia 1;2 € Letonia (1);Doncella letona;Latvian maiden;LV_2014_200.webp;;2007_200.webp;;;;;;45%;Intermedia;
226;1;100;LV;Latvija;Letonia;LV.webp;2014;2026;;0;0;;LV1;Letonia 1;1 € Letonia (1);Doncella letona;Latvian maiden;LV_2014_100.webp;;2007_100.webp;;;;;;40%;Común;
227;1;50;LV;Latvija;Letonia;LV.webp;2014;2026;;0;0;;LV1;Letonia 1;50 cents. Letonia (1);Gran escudo de Letonia;Latvia Large Coat of Arms;LV_2014_50.webp;;2007_50.webp;;;;;;43%;Intermedia;
228;1;20;LV;Latvija;Letonia;LV.webp;2014;2026;;0;0;;LV1;Letonia 1;20 cents. Letonia (1);Gran escudo de Letonia;Latvia Large Coat of Arms;LV_2014_20.webp;;2007_20.webp;;;;;;41%;Intermedia;
229;1;10;LV;Latvija;Letonia;LV.webp;2014;2026;;0;0;;LV1;Letonia 1;10 cents. Letonia (1);Gran escudo de Letonia;Latvia Large Coat of Arms;LV_2014_10.webp;;2007_10.webp;;;;;;40%;Común;
230;1;5;LV;Latvija;Letonia;LV.webp;2014;2026;;0;0;;LV1;Letonia 1;5 cents. Letonia (1);Pequeño escudo de Letonia;Latvia Small Coat of Arms;LV_2014_5.webp;1999_5.webp;;;;;;;35%;Común;
231;1;2;LV;Latvija;Letonia;LV.webp;2014;2026;;0;0;;LV1;Letonia 1;2 cents. Letonia (1);Pequeño escudo de Letonia;Latvia Small Coat of Arms;LV_2014_2.webp;1999_2.webp;;;;;;;35%;Común;
232;1;1;LV;Latvija;Letonia;LV.webp;2014;2026;;0;0;;LV1;Letonia 1;1 cent. Letonia (1);Pequeño escudo de Letonia;Latvia Small Coat of Arms;LV_2014_1.webp;1999_1.webp;;;;;;;32%;Común;
233;1;200;NL;Nederlanden;Países Bajos;NL.webp;2014;2026;;0;0;;NL2;Países Bajos 2: Guillermo Alejandro;2 € Países Bajos (2);Rey Guillermo Alejandro;King Willem-Alexander;NL_2014_200.webp;;2007_200.webp;;;;;;49%;Intermedia;
234;1;100;NL;Nederlanden;Países Bajos;NL.webp;2014;2026;;0;0;;NL2;Países Bajos 2: Guillermo Alejandro;1 € Países Bajos (2);Rey Guillermo Alejandro;King Willem-Alexander;NL_2014_100.webp;;2007_100.webp;;;;;;53%;Intermedia;
235;1;50;NL;Nederlanden;Países Bajos;NL.webp;2014;2026;;0;0;;NL2;Países Bajos 2: Guillermo Alejandro;50 cents. Países Bajos (2);Rey Guillermo Alejandro;King Willem-Alexander;NL_2014_50.webp;;2007_50.webp;;;;;;49%;Intermedia;
236;1;20;NL;Nederlanden;Países Bajos;NL.webp;2014;2026;;0;0;;NL2;Países Bajos 2: Guillermo Alejandro;20 cents. Países Bajos (2);Rey Guillermo Alejandro;King Willem-Alexander;NL_2014_20.webp;;2007_20.webp;;;;;;36%;Común;
237;1;10;NL;Nederlanden;Países Bajos;NL.webp;2014;2026;;0;0;;NL2;Países Bajos 2: Guillermo Alejandro;10 cents. Países Bajos (2);Rey Guillermo Alejandro;King Willem-Alexander;NL_2014_10.webp;;2007_10.webp;;;;;;36%;Común;
238;1;5;NL;Nederlanden;Países Bajos;NL.webp;2014;2026;;0;0;;NL2;Países Bajos 2: Guillermo Alejandro;5 cents. Países Bajos (2);Rey Guillermo Alejandro;King Willem-Alexander;NL_2014_5.webp;1999_5.webp;;;;;;;25%;Común;
239;1;2;NL;Nederlanden;Países Bajos;NL.webp;2014;2026;;0;0;;NL2;Países Bajos 2: Guillermo Alejandro;2 cents. Países Bajos (2);Rey Guillermo Alejandro;King Willem-Alexander;NL_2014_2.webp;1999_2.webp;;;;;;;61%;Rara;
240;1;1;NL;Nederlanden;Países Bajos;NL.webp;2014;2026;;0;0;;NL2;Países Bajos 2: Guillermo Alejandro;1 cent. Países Bajos (2);Rey Guillermo Alejandro;King Willem-Alexander;NL_2014_1.webp;1999_1.webp;;;;;;;61%;Rara;
241;1;200;VA;Città del Vaticano;Ciudad del Vaticano;VA.webp;2014;2016;;0;0;;VA4;Vaticano 4: Francisco;2 € Vaticano (4);Papa Francisco;Pope Francis;VA_2014_200.webp;;2007_200.webp;;;;;;74%;Rara;
242;1;100;VA;Città del Vaticano;Ciudad del Vaticano;VA.webp;2014;2016;;0;0;;VA4;Vaticano 4: Francisco;1 € Vaticano (4);Papa Francisco;Pope Francis;VA_2014_100.webp;;2007_100.webp;;;;;;74%;Rara;
243;1;50;VA;Città del Vaticano;Ciudad del Vaticano;VA.webp;2014;2016;;0;0;;VA4;Vaticano 4: Francisco;50 cents. Vaticano (4);Papa Francisco;Pope Francis;VA_2014_50.webp;;2007_50.webp;;;;;;53%;Intermedia;
244;1;20;VA;Città del Vaticano;Ciudad del Vaticano;VA.webp;2014;2016;;0;0;;VA4;Vaticano 4: Francisco;20 cents. Vaticano (4);Papa Francisco;Pope Francis;VA_2014_20.webp;;2007_20.webp;;;;;;74%;Rara;
245;1;10;VA;Città del Vaticano;Ciudad del Vaticano;VA.webp;2014;2016;;0;0;;VA4;Vaticano 4: Francisco;10 cents. Vaticano (4);Papa Francisco;Pope Francis;VA_2014_10.webp;;2007_10.webp;;;;;;74%;Rara;
246;1;5;VA;Città del Vaticano;Ciudad del Vaticano;VA.webp;2014;2016;;0;0;;VA4;Vaticano 4: Francisco;5 cents. Vaticano (4);Papa Francisco;Pope Francis;VA_2014_5.webp;1999_5.webp;;;;;;;74%;Rara;
247;1;2;VA;Città del Vaticano;Ciudad del Vaticano;VA.webp;2014;2016;;0;0;;VA4;Vaticano 4: Francisco;2 cents. Vaticano (4);Papa Francisco;Pope Francis;VA_2014_2.webp;1999_2.webp;;;;;;;74%;Rara;
248;1;1;VA;Città del Vaticano;Ciudad del Vaticano;VA.webp;2014;2016;;0;0;;VA4;Vaticano 4: Francisco;1 cent. Vaticano (4);Papa Francisco;Pope Francis;VA_2014_1.webp;1999_1.webp;;;;;;;74%;Rara;
249;1;200;ES;España;España;ES.webp;2015;2026;;0;0;;ES3;España 3: Felipe VI;2 € España (3);Rey Felipe VI;King Felipe VI;ES_2015_200.webp;;2007_200.webp;;;;;;45%;Intermedia;
250;1;100;ES;España;España;ES.webp;2015;2026;;0;0;;ES3;España 3: Felipe VI;1 € España (3);Rey Felipe VI;King Felipe VI;ES_2015_100.webp;;2007_100.webp;;;;;;19%;Muy común;
251;1;200;LT;Lietuva;Lituania;LT.webp;2015;2026;;0;0;;LT1;Lituania 1;2 € Lituania (1);Vitys, escudo de armas lituano;Vytis, Lithuania Coat of Arms;LT_2015_200.webp;;2007_200.webp;;;;;;38%;Común;
252;1;100;LT;Lietuva;Lituania;LT.webp;2015;2026;;0;0;;LT1;Lituania 1;1 € Lituania (1);Vitys, escudo de armas lituano;Vytis, Lithuania Coat of Arms;LT_2015_100.webp;;2007_100.webp;;;;;;41%;Intermedia;
253;1;50;LT;Lietuva;Lituania;LT.webp;2015;2026;;0;0;;LT1;Lituania 1;50 cents. Lituania (1);Vitys, escudo de armas lituano;Vytis, Lithuania Coat of Arms;LT_2015_50.webp;;2007_50.webp;;;;;;40%;Intermedia;
254;1;20;LT;Lietuva;Lituania;LT.webp;2015;2026;;0;0;;LT1;Lituania 1;20 cents. Lituania (1);Vitys, escudo de armas lituano;Vytis, Lithuania Coat of Arms;LT_2015_20.webp;;2007_20.webp;;;;;;40%;Común;
255;1;10;LT;Lietuva;Lituania;LT.webp;2015;2026;;0;0;;LT1;Lituania 1;10 cents. Lituania (1);Vitys, escudo de armas lituano;Vytis, Lithuania Coat of Arms;LT_2015_10.webp;;2007_10.webp;;;;;;38%;Común;
256;1;5;LT;Lietuva;Lituania;LT.webp;2015;2026;;0;0;;LT1;Lituania 1;5 cents. Lituania (1);Vitys, escudo de armas lituano;Vytis, Lithuania Coat of Arms;LT_2015_5.webp;1999_5.webp;;;;;;;35%;Común;
257;1;2;LT;Lietuva;Lituania;LT.webp;2015;2026;;0;0;;LT1;Lituania 1;2 cents. Lituania (1);Vitys, escudo de armas lituano;Vytis, Lithuania Coat of Arms;LT_2015_2.webp;1999_2.webp;;;;;;;34%;Común;
258;1;1;LT;Lietuva;Lituania;LT.webp;2015;2026;;0;0;;LT1;Lituania 1;1 cent. Lituania (1);Vitys, escudo de armas lituano;Vytis, Lithuania Coat of Arms;LT_2015_1.webp;1999_1.webp;;;;;;;33%;Común;
259;1;200;SM;San Marino;San Marino;SM.webp;2017;2026;;0;0;;SM2;San Marino 2;2 € San Marino (2);Retrato de San Marino, Urbinelli;San Marino Portrait by Urbinelli;SM_2017_200.webp;;2007_200.webp;;;;;;54%;Intermedia;
260;1;100;SM;San Marino;San Marino;SM.webp;2017;2026;;0;0;;SM2;San Marino 2;1 € San Marino (2);Torre de la Cesta;La Cesta Tower;SM_2017_100.webp;;2007_100.webp;;;;;;53%;Intermedia;
261;1;50;SM;San Marino;San Marino;SM.webp;2017;2026;;0;0;;SM2;San Marino 2;50 cents. San Marino (2);Retrato de San Marino, Retrosi;San Marino Portrait by Retrosi;SM_2017_50.webp;;2007_50.webp;;;;;;54%;Intermedia;
262;1;20;SM;San Marino;San Marino;SM.webp;2017;2026;;0;0;;SM2;San Marino 2;20 cents. San Marino (2);Monte Titano con las 3 torres;Monte Titano & the 3 Towers;SM_2017_20.webp;;2007_20.webp;;;;;;56%;Intermedia;
263;1;10;SM;San Marino;San Marino;SM.webp;2017;2026;;0;0;;SM2;San Marino 2;10 cents. San Marino (2);Iglesia de San Francisco;Church of Saint Francis;SM_2017_10.webp;;2007_10.webp;;;;;;76%;Solo existen versiones de colección;
264;1;5;SM;San Marino;San Marino;SM.webp;2017;2026;;0;0;;SM2;San Marino 2;5 cents. San Marino (2);Iglesia de San Quirino;Church of Saint Quirinus;SM_2017_5.webp;1999_5.webp;;;;;;;76%;Solo existen versiones de colección;
265;1;2;SM;San Marino;San Marino;SM.webp;2017;2026;;0;0;;SM2;San Marino 2;2 cents. San Marino (2);Puerta de San Marino;San Marino City Gate;SM_2017_2.webp;1999_2.webp;;;;;;;76%;Solo existen versiones de colección;
266;1;1;SM;San Marino;San Marino;SM.webp;2017;2026;;0;0;;SM2;San Marino 2;1 cent. San Marino (2);Escudo de armas de San Marino;San Marino Coat of Arms;SM_2017_1.webp;1999_1.webp;;;;;;;76%;Solo existen versiones de colección;
267;1;200;VA;Città del Vaticano;Ciudad del Vaticano;VA.webp;2017;2026;;0;0;;VA5;Vaticano 5: Escudo de Francisco;2 € Vaticano (5);Escudo del Papa Francisco;Pope Francis Coat of Arms;VA_2017_200.webp;;2007_200.webp;;;;;;70%;Rara;
268;1;100;VA;Città del Vaticano;Ciudad del Vaticano;VA.webp;2017;2026;;0;0;;VA5;Vaticano 5: Escudo de Francisco;1 € Vaticano (5);Escudo del Papa Francisco;Pope Francis Coat of Arms;VA_2017_100.webp;;2007_100.webp;;;;;;68%;Rara;
269;1;50;VA;Città del Vaticano;Ciudad del Vaticano;VA.webp;2017;2026;;0;0;;VA5;Vaticano 5: Escudo de Francisco;50 cents. Vaticano (5);Escudo del Papa Francisco;Pope Francis Coat of Arms;VA_2017_50.webp;;2007_50.webp;;;;;;47%;Intermedia;
270;1;20;VA;Città del Vaticano;Ciudad del Vaticano;VA.webp;2017;2026;;0;0;;VA5;Vaticano 5: Escudo de Francisco;20 cents. Vaticano (5);Escudo del Papa Francisco;Pope Francis Coat of Arms;VA_2017_20.webp;;2007_20.webp;;;;;;70%;Rara;
271;1;10;VA;Città del Vaticano;Ciudad del Vaticano;VA.webp;2017;2026;;0;0;;VA5;Vaticano 5: Escudo de Francisco;10 cents. Vaticano (5);Escudo del Papa Francisco;Pope Francis Coat of Arms;VA_2017_10.webp;;2007_10.webp;;;;;;70%;Rara;
272;1;5;VA;Città del Vaticano;Ciudad del Vaticano;VA.webp;2017;2026;;0;0;;VA5;Vaticano 5: Escudo de Francisco;5 cents. Vaticano (5);Escudo del Papa Francisco;Pope Francis Coat of Arms;VA_2017_5.webp;1999_5.webp;;;;;;;70%;Rara;
273;1;2;VA;Città del Vaticano;Ciudad del Vaticano;VA.webp;2017;2026;;0;0;;VA5;Vaticano 5: Escudo de Francisco;2 cents. Vaticano (5);Escudo del Papa Francisco;Pope Francis Coat of Arms;VA_2017_2.webp;1999_2.webp;;;;;;;70%;Rara;
274;1;1;VA;Città del Vaticano;Ciudad del Vaticano;VA.webp;2017;2026;;0;0;;VA5;Vaticano 5: Escudo de Francisco;1 cent. Vaticano (5);Escudo del Papa Francisco;Pope Francis Coat of Arms;VA_2017_1.webp;1999_1.webp;;;;;;;70%;Rara;
275;1;200;FR;France;Francia;FR.webp;2022;2026;;0;0;;FR2;Francia 2;2 € Francia (2);Árbol de la vida en hexágono;Tree of Life in a Hexagon;FR_2022_200.webp;;2007_200.webp;;;;;;42%;Intermedia;
276;1;100;FR;France;Francia;FR.webp;2022;2026;;0;0;;FR2;Francia 2;1 € Francia (2);Árbol de la vida en hexágono;Tree of Life in a Hexagon;FR_2022_100.webp;;2007_100.webp;;;;;;78%;Solo existen versiones de colección;
277;1;200;HR;Hrvatska;Croacia;HR.webp;2023;2026;;0;0;;HR1;Croacia 1;2 € Croacia (1);Mapa de Croacia sobre damero;Map of Croatia on Checkerboard;HR_2023_200.webp;;2007_200.webp;;;;;;35%;Común;
278;1;100;HR;Hrvatska;Croacia;HR.webp;2023;2026;;0;0;;HR1;Croacia 1;1 € Croacia (1);Marta sobre damero croata;Marten on Checkerboard;HR_2023_100.webp;;2007_100.webp;;;;;;39%;Común;
279;1;50;HR;Hrvatska;Croacia;HR.webp;2023;2026;;0;0;;HR1;Croacia 1;50 cents. Croacia (1);Nikola Tesla;Nikola Tesla;HR_2023_50.webp;;2007_50.webp;;;;;;37%;Común;
280;1;20;HR;Hrvatska;Croacia;HR.webp;2023;2026;;0;0;;HR1;Croacia 1;20 cents. Croacia (1);Nikola Tesla;Nikola Tesla;HR_2023_20.webp;;2007_20.webp;;;;;;33%;Común;
281;1;10;HR;Hrvatska;Croacia;HR.webp;2023;2026;;0;0;;HR1;Croacia 1;10 cents. Croacia (1);Nikola Tesla;Nikola Tesla;HR_2023_10.webp;;2007_10.webp;;;;;;32%;Común;
282;1;5;HR;Hrvatska;Croacia;HR.webp;2023;2026;;0;0;;HR1;Croacia 1;5 cents. Croacia (1);Escritura glagolítica sobre damero;Glagolitic Script on Checkerboard;HR_2023_5.webp;1999_5.webp;;;;;;;33%;Común;
283;1;2;HR;Hrvatska;Croacia;HR.webp;2023;2026;;0;0;;HR1;Croacia 1;2 cents. Croacia (1);Escritura glagolítica sobre damero;Glagolitic Script on Checkerboard;HR_2023_2.webp;1999_2.webp;;;;;;;35%;Común;
284;1;1;HR;Hrvatska;Croacia;HR.webp;2023;2026;;0;0;;HR1;Croacia 1;1 cent. Croacia (1);Escritura glagolítica sobre damero;Glagolitic Script on Checkerboard;HR_2023_1.webp;1999_1.webp;;;;;;;34%;Común;
285;1;50;FR;France;Francia;FR.webp;2024;2026;;0;0;;FR2;Francia 2;50 cents. Francia (2);Marie Curie;Marie Curie;FR_2024_50.webp;;2007_50.webp;;;;;;83%;Datos incompletos;
286;1;20;FR;France;Francia;FR.webp;2024;2026;;0;0;;FR2;Francia 2;20 cents. Francia (2);Josephine Baker;Josephine Baker;FR_2024_20.webp;;2007_20.webp;;;;;;83%;Datos incompletos;
287;1;10;FR;France;Francia;FR.webp;2024;2026;;0;0;;FR2;Francia 2;10 cents. Francia (2);Simone Veil;Simone Veil;FR_2024_10.webp;;2007_10.webp;;;;;;83%;Datos incompletos;
288;1;200;MC;Monaco;Mónaco;MC.webp;2025;2026;;0;0;;MC3;Mónaco 3: Alberto II;2 € Mónaco (3);Príncipe Alberto II;Prince Albert II;MC_2025_200.webp;;2007_200.webp;;;;;;64%;Rara;
289;1;100;MC;Monaco;Mónaco;MC.webp;2025;2026;;0;0;;MC3;Mónaco 3: Alberto II;1 € Mónaco (3);Príncipe Alberto II;Prince Albert II;MC_2025_100.webp;;2007_100.webp;;;;;;62%;Rara;
290;1;200;BG;България;Bulgaria;BG.webp;2026;2026;;0;0;;BG1;Bulgaria 1;2 € Bulgaria (1);Paisy Hilendarski;Paisy Hilendarski;BG_2026_200.webp;;2007_200.webp;;;;;;;Sin datos;
291;1;100;BG;България;Bulgaria;BG.webp;2026;2026;;0;0;;BG1;Bulgaria 1;1 € Bulgaria (1);Ivan Rilski;Ivan Rilski;BG_2026_100.webp;;2007_100.webp;;;;;;;Sin datos;
292;1;50;BG;България;Bulgaria;BG.webp;2026;2026;;0;0;;BG1;Bulgaria 1;50 cents. Bulgaria (1);Caballero de Madara;Madara Horseman;BG_2026_50.webp;;2007_50.webp;;;;;;;Sin datos;
293;1;20;BG;България;Bulgaria;BG.webp;2026;2026;;0;0;;BG1;Bulgaria 1;20 cents. Bulgaria (1);Caballero de Madara;Madara Horseman;BG_2026_20.webp;;2007_20.webp;;;;;;;Sin datos;
294;1;10;BG;България;Bulgaria;BG.webp;2026;2026;;0;0;;BG1;Bulgaria 1;10 cents. Bulgaria (1);Caballero de Madara;Madara Horseman;BG_2026_10.webp;;2007_10.webp;;;;;;;Sin datos;
295;1;5;BG;България;Bulgaria;BG.webp;2026;2026;;0;0;;BG1;Bulgaria 1;5 cents. Bulgaria (1);Caballero de Madara;Madara Horseman;BG_2026_5.webp;1999_5.webp;;;;;;;;Sin datos;
296;1;2;BG;България;Bulgaria;BG.webp;2026;2026;;0;0;;BG1;Bulgaria 1;2 cents. Bulgaria (1);Caballero de Madara;Madara Horseman;BG_2026_2.webp;1999_2.webp;;;;;;;;Sin datos;
297;1;1;BG;България;Bulgaria;BG.webp;2026;2026;;0;0;;BG1;Bulgaria 1;1 cent. Bulgaria (1);Caballero de Madara;Madara Horseman;BG_2026_1.webp;1999_1.webp;;;;;;;;Sin datos;
298;1;200;LU;Lëtzebuerg;Luxemburgo;LU.webp;2026;2026;;0;0;;LU2;Luxemburgo 2: Guillermo V;2 € Luxemburgo (2);Gran duque Guillermo;Grand Duke William;LU_2026_200.webp;;2007_200.webp;;;;;;;Sin datos;
299;1;100;LU;Lëtzebuerg;Luxemburgo;LU.webp;2026;2026;;0;0;;LU2;Luxemburgo 2: Guillermo V;1 € Luxemburgo (2);Gran duque Guillermo;Grand Duke William;LU_2026_100.webp;;2007_100.webp;;;;;;;Sin datos;
300;1;50;LU;Lëtzebuerg;Luxemburgo;LU.webp;2026;2026;;0;0;;LU2;Luxemburgo 2: Guillermo V;50 cents. Luxemburgo (2);Gran duque Guillermo;Grand Duke William;LU_2026_50.webp;;2007_50.webp;;;;;;;Sin datos;
301;1;20;LU;Lëtzebuerg;Luxemburgo;LU.webp;2026;2026;;0;0;;LU2;Luxemburgo 2: Guillermo V;20 cents. Luxemburgo (2);Gran duque Guillermo;Grand Duke William;LU_2026_20.webp;;2007_20.webp;;;;;;;Sin datos;
302;1;10;LU;Lëtzebuerg;Luxemburgo;LU.webp;2026;2026;;0;0;;LU2;Luxemburgo 2: Guillermo V;10 cents. Luxemburgo (2);Gran duque Guillermo;Grand Duke William;LU_2026_10.webp;;2007_10.webp;;;;;;;Sin datos;
303;1;5;LU;Lëtzebuerg;Luxemburgo;LU.webp;2026;2026;;0;0;;LU2;Luxemburgo 2: Guillermo V;5 cents. Luxemburgo (2);Gran duque Guillermo;Grand Duke William;LU_2026_5.webp;1999_5.webp;;;;;;;;Sin datos;
304;1;2;LU;Lëtzebuerg;Luxemburgo;LU.webp;2026;2026;;0;0;;LU2;Luxemburgo 2: Guillermo V;2 cents. Luxemburgo (2);Gran duque Guillermo;Grand Duke William;LU_2026_2.webp;1999_2.webp;;;;;;;;Sin datos;
305;1;1;LU;Lëtzebuerg;Luxemburgo;LU.webp;2026;2026;;0;0;;LU2;Luxemburgo 2: Guillermo V;1 cent. Luxemburgo (2);Gran duque Guillermo;Grand Duke William;LU_2026_1.webp;1999_1.webp;;;;;;;;Sin datos;
306;0;200;VA;Città del Vaticano;Ciudad del Vaticano;VA.webp;2026;2026;;0;0;;VA6;Vaticano 6: Escudo de León XIV;2 € Vaticano (6);Escudo del Papa León XIV;Pope Leo XVI Coat of Arms;VA_2026_200.webp;;2007_200.webp;;;;;;;Sin datos;
307;0;100;VA;Città del Vaticano;Ciudad del Vaticano;VA.webp;2026;2026;;0;0;;VA6;Vaticano 6: Escudo de León XIV;1 € Vaticano (6);Escudo del Papa León XIV;Pope Leo XVI Coat of Arms;VA_2026_100.webp;;2007_100.webp;;;;;;;Sin datos;
308;0;50;VA;Città del Vaticano;Ciudad del Vaticano;VA.webp;2026;2026;;0;0;;VA6;Vaticano 6: Escudo de León XIV;50 cents. Vaticano (6);Escudo del Papa León XIV;Pope Leo XVI Coat of Arms;VA_2026_50.webp;;2007_50.webp;;;;;;;Sin datos;
309;0;20;VA;Città del Vaticano;Ciudad del Vaticano;VA.webp;2026;2026;;0;0;;VA6;Vaticano 6: Escudo de León XIV;20 cents. Vaticano (6);Escudo del Papa León XIV;Pope Leo XVI Coat of Arms;VA_2026_20.webp;;2007_20.webp;;;;;;;Sin datos;
310;0;10;VA;Città del Vaticano;Ciudad del Vaticano;VA.webp;2026;2026;;0;0;;VA6;Vaticano 6: Escudo de León XIV;10 cents. Vaticano (6);Escudo del Papa León XIV;Pope Leo XVI Coat of Arms;VA_2026_10.webp;;2007_10.webp;;;;;;;Sin datos;
311;0;5;VA;Città del Vaticano;Ciudad del Vaticano;VA.webp;2026;2026;;0;0;;VA6;Vaticano 6: Escudo de León XIV;5 cents. Vaticano (6);Escudo del Papa León XIV;Pope Leo XVI Coat of Arms;VA_2026_5.webp;1999_5.webp;;;;;;;;Sin datos;
312;0;2;VA;Città del Vaticano;Ciudad del Vaticano;VA.webp;2026;2026;;0;0;;VA6;Vaticano 6: Escudo de León XIV;2 cents. Vaticano (6);Escudo del Papa León XIV;Pope Leo XVI Coat of Arms;VA_2026_2.webp;1999_2.webp;;;;;;;;Sin datos;
313;0;1;VA;Città del Vaticano;Ciudad del Vaticano;VA.webp;2026;2026;;0;0;;VA6;Vaticano 6: Escudo de León XIV;1 cent. Vaticano (6);Escudo del Papa León XIV;Pope Leo XVI Coat of Arms;VA_2026_1.webp;1999_1.webp;;;;;;;;Sin datos;
314;1;200;AT;Österreich;Austria;AT.webp;2007;2007;23/03/2007;1;1;1;tdr;Tratado de Roma;2 € Austria Tratado de Roma;Tratado de Roma, 50 años;Treaty of Rome, 50 Years;2007_cc_AT.webp;1999_200.webp;;;;;;;50%;Intermedia;2007/03/23
315;1;200;BE;Belgie · Belgique · Belgien;Bélgica;BE.webp;2007;2007;26/03/2007;1;1;1;tdr;Tratado de Roma;2 € Bélgica Tratado de Roma;Tratado de Roma, 50 años;Treaty of Rome, 50 Years;2007_cc_BE.webp;;2007_200.webp;;;;;;54%;Intermedia;2007/03/26
316;1;200;DE;Deutschland;Alemania;DE.webp;2007;2007;25/03/2007;1;1;1;tdr;Tratado de Roma;2 € Alemania Tratado de Roma;Tratado de Roma, 50 años;Treaty of Rome, 50 Years;2007_cc_DE.webp;1999_200.webp;2007_200.webp;;;;;;42%;Intermedia;2007/03/25
317;1;200;ES;España;España;ES.webp;2007;2007;26/03/2007;1;1;1;tdr;Tratado de Roma;2 € España Tratado de Roma;Tratado de Roma, 50 años;Treaty of Rome, 50 Years;2007_cc_ES.webp;;2007_200.webp;;;;;;51%;Intermedia;2007/03/26
318;1;200;FI;Suomi · Finland;Finlandia;FI.webp;2007;2007;25/03/2007;1;1;1;tdr;Tratado de Roma;2 € Finlandia Tratado de Roma;Tratado de Roma, 50 años;Treaty of Rome, 50 Years;2007_cc_FI.webp;;2007_200.webp;;;;;;63%;Rara;2007/03/25
319;1;200;FR;France;Francia;FR.webp;2007;2007;02/04/2007;1;1;1;tdr;Tratado de Roma;2 € Francia Tratado de Roma;Tratado de Roma, 50 años;Treaty of Rome, 50 Years;2007_cc_FR.webp;;2007_200.webp;;;;;;50%;Intermedia;2007/04/02
320;1;200;IE;Éire;Irlanda;IE.webp;2007;2007;26/03/2007;1;1;1;tdr;Tratado de Roma;2 € Irlanda Tratado de Roma;Tratado de Roma, 50 años;Treaty of Rome, 50 Years;2007_cc_IE.webp;;2007_200.webp;;;;;;56%;Intermedia;2007/03/26
321;1;200;IT;Italia;Italia;IT.webp;2007;2007;26/03/2007;1;1;1;tdr;Tratado de Roma;2 € Italia Tratado de Roma;Tratado de Roma, 50 años;Treaty of Rome, 50 Years;2007_cc_IT.webp;1999_200.webp;;;;;;;55%;Intermedia;2007/03/26
322;1;200;LU;Lëtzebuerg;Luxemburgo;LU.webp;2007;2007;25/03/2007;1;1;1;tdr;Tratado de Roma;2 € Luxemburgo Tratado de Roma;Tratado de Roma, 50 años;Treaty of Rome, 50 Years;2007_cc_LU.webp;;2007_200.webp;;;;;;54%;Intermedia;2007/03/25
323;1;200;NL;Nederlanden;Países Bajos;NL.webp;2007;2007;26/03/2007;1;1;1;tdr;Tratado de Roma;2 € Países Bajos Tratado de Roma;Tratado de Roma, 50 años;Treaty of Rome, 50 Years;2007_cc_NL.webp;;2007_200.webp;;;;;;61%;Rara;2007/03/26
324;1;200;PT;Portugal;Portugal;PT.webp;2007;2007;26/03/2007;1;1;1;tdr;Tratado de Roma;2 € Portugal Tratado de Roma;Tratado de Roma, 50 años;Treaty of Rome, 50 Years;2007_cc_PT.webp;1999_200.webp;;;;;;;53%;Intermedia;2007/03/26
325;1;200;GR;Ελλάδα;Grecia;GR.webp;2007;2007;26/03/2007;1;1;1;tdr;Tratado de Roma;2 € Grecia Tratado de Roma;Tratado de Roma, 50 años;Treaty of Rome, 50 Years;2007_cc_GR.webp;;2007_200.webp;;;;;;63%;Rara;2007/03/26
326;1;200;SI;Slovenija;Eslovenia;SI.webp;2007;2007;25/03/2007;1;1;1;tdr;Tratado de Roma;2 € Eslovenia Tratado de Roma;Tratado de Roma, 50 años;Treaty of Rome, 50 Years;2007_cc_SI.webp;;2007_200.webp;;;;;;72%;Rara;2007/03/25
327;1;200;AT;Österreich;Austria;AT.webp;2009;2009;02/01/2009;1;1;1;emu;Unión económica y monetaria;2 € Austria Unión monetaria;Unión económica y monetaria, 10 años;Economic & Monetary Union, 10 Years;2009_cc_AT.webp;;2007_200.webp;;;;;;54%;Intermedia;2009/01/02
328;1;200;BE;Belgie · Belgique · Belgien;Bélgica;BE.webp;2009;2009;27/01/2009;1;1;1;emu;Unión económica y monetaria;2 € Bélgica Unión monetaria;Unión económica y monetaria, 10 años;Economic & Monetary Union, 10 Years;2009_cc_BE.webp;;2007_200.webp;;;;;;54%;Intermedia;2009/01/27
329;1;200;DE;Deutschland;Alemania;DE.webp;2009;2009;05/01/2009;1;1;1;emu;Unión económica y monetaria;2 € Alemania Unión monetaria;Unión económica y monetaria, 10 años;Economic & Monetary Union, 10 Years;2009_cc_DE.webp;;2007_200.webp;;;;;;66%;Rara;2009/01/05
330;1;200;ES;España;España;ES.webp;2009;2009;05/01/2009;1;1;1;emu;Unión económica y monetaria;2 € España Unión monetaria;Unión económica y monetaria, 10 años;Economic & Monetary Union, 10 Years;2009_cc_ES.webp;;2007_200.webp;;;;;;42%;Intermedia;2009/01/05
331;1;200;FI;Suomi · Finland;Finlandia;FI.webp;2009;2009;02/02/2009;1;1;1;emu;Unión económica y monetaria;2 € Finlandia Unión monetaria;Unión económica y monetaria, 10 años;Economic & Monetary Union, 10 Years;2009_cc_FI.webp;;2007_200.webp;;;;;;51%;Intermedia;2009/02/02
332;1;200;FR;France;Francia;FR.webp;2009;2009;15/01/2009;1;1;1;emu;Unión económica y monetaria;2 € Francia Unión monetaria;Unión económica y monetaria, 10 años;Economic & Monetary Union, 10 Years;2009_cc_FR.webp;;2007_200.webp;;;;;;63%;Rara;2009/01/15
333;1;200;IE;Éire;Irlanda;IE.webp;2009;2009;23/01/2009;1;1;1;emu;Unión económica y monetaria;2 € Irlanda Unión monetaria;Unión económica y monetaria, 10 años;Economic & Monetary Union, 10 Years;2009_cc_IE.webp;;2007_200.webp;;;;;;50%;Intermedia;2009/01/23
334;1;200;IT;Italia;Italia;IT.webp;2009;2009;02/01/2009;1;1;1;emu;Unión económica y monetaria;2 € Italia Unión monetaria;Unión económica y monetaria, 10 años;Economic & Monetary Union, 10 Years;2009_cc_IT.webp;;2007_200.webp;;;;;;56%;Intermedia;2009/01/02
335;1;200;LU;Lëtzebuerg;Luxemburgo;LU.webp;2009;2009;05/01/2009;1;1;1;emu;Unión económica y monetaria;2 € Luxemburgo Unión monetaria;Unión económica y monetaria, 10 años;Economic & Monetary Union, 10 Years;2009_cc_LU.webp;;2007_200.webp;;;;;;56%;Intermedia;2009/01/05
336;1;200;NL;Nederlanden;Países Bajos;NL.webp;2009;2009;26/03/2009;1;1;1;emu;Unión económica y monetaria;2 € Países Bajos Unión monetaria;Unión económica y monetaria, 10 años;Economic & Monetary Union, 10 Years;2009_cc_NL.webp;;2007_200.webp;;;;;;61%;Rara;2009/03/26
337;1;200;PT;Portugal;Portugal;PT.webp;2009;2009;15/01/2009;1;1;1;emu;Unión económica y monetaria;2 € Portugal Unión monetaria;Unión económica y monetaria, 10 años;Economic & Monetary Union, 10 Years;2009_cc_PT.webp;;2007_200.webp;;;;;;67%;Rara;2009/01/15
338;1;200;GR;Ελλάδα;Grecia;GR.webp;2009;2009;05/01/2009;1;1;1;emu;Unión económica y monetaria;2 € Grecia Unión monetaria;Unión económica y monetaria, 10 años;Economic & Monetary Union, 10 Years;2009_cc_GR.webp;;2007_200.webp;;;;;;68%;Rara;2009/01/05
339;1;200;SI;Slovenija;Eslovenia;SI.webp;2009;2009;07/01/2009;1;1;1;emu;Unión económica y monetaria;2 € Eslovenia Unión monetaria;Unión económica y monetaria, 10 años;Economic & Monetary Union, 10 Years;2009_cc_SI.webp;;2007_200.webp;;;;;;54%;Intermedia;2009/01/07
340;1;200;CY;Κύπρος;Chipre;CY.webp;2009;2009;05/01/2009;1;1;1;emu;Unión económica y monetaria;2 € Chipre Unión monetaria;Unión económica y monetaria, 10 años;Economic & Monetary Union, 10 Years;2009_cc_CY.webp;;2007_200.webp;;;;;;64%;Rara;2009/01/05
341;1;200;MT;Malta;Malta;MT.webp;2009;2009;05/01/2009;1;1;1;emu;Unión económica y monetaria;2 € Malta Unión monetaria;Unión económica y monetaria, 10 años;Economic & Monetary Union, 10 Years;2009_cc_MT.webp;;2007_200.webp;;;;;;66%;Rara;2009/01/05
342;1;200;SK;Slovensko;Eslovaquia;SK.webp;2009;2009;07/01/2009;1;1;1;emu;Unión económica y monetaria;2 € Eslovaquia Unión monetaria;Unión económica y monetaria, 10 años;Economic & Monetary Union, 10 Years;2009_cc_SK.webp;;2007_200.webp;;;;;;59%;Intermedia;2009/01/07
343;1;200;AT;Österreich;Austria;AT.webp;2012;2012;02/01/2012;1;1;1;eur;10 años del Euro;2 € Austria 10 años del Euro;Billetes y monedas de Euro, 10 años;Euro Coins & Notes, 10 Years;2012_cc_AT.webp;;2007_200.webp;;;;;;49%;Intermedia;2012/01/02
344;1;200;BE;Belgie · Belgique · Belgien;Bélgica;BE.webp;2012;2012;30/01/2012;1;1;1;eur;10 años del Euro;2 € Bélgica 10 años del Euro;Billetes y monedas de Euro, 10 años;Euro Coins & Notes, 10 Years;2012_cc_BE.webp;;2007_200.webp;;;;;;54%;Intermedia;2012/01/30
345;1;200;DE;Deutschland;Alemania;DE.webp;2012;2012;13/02/2012;1;1;1;eur;10 años del Euro;2 € Alemania 10 años del Euro;Billetes y monedas de Euro, 10 años;Euro Coins & Notes, 10 Years;2012_cc_DE.webp;;2007_200.webp;;;;;;66%;Rara;2012/02/13
346;1;200;ES;España;España;ES.webp;2012;2012;02/01/2012;1;1;1;eur;10 años del Euro;2 € España 10 años del Euro;Billetes y monedas de Euro, 10 años;Euro Coins & Notes, 10 Years;2012_cc_ES.webp;;2007_200.webp;;;;;;42%;Intermedia;2012/01/02
347;1;200;FI;Suomi · Finland;Finlandia;FI.webp;2012;2012;02/01/2012;1;1;1;eur;10 años del Euro;2 € Finlandia 10 años del Euro;Billetes y monedas de Euro, 10 años;Euro Coins & Notes, 10 Years;2012_cc_FI.webp;;2007_200.webp;;;;;;61%;Rara;2012/01/02
348;1;200;FR;France;Francia;FR.webp;2012;2012;02/01/2012;1;1;1;eur;10 años del Euro;2 € Francia 10 años del Euro;Billetes y monedas de Euro, 10 años;Euro Coins & Notes, 10 Years;2012_cc_FR.webp;;2007_200.webp;;;;;;56%;Intermedia;2012/01/02
349;1;200;IE;Éire;Irlanda;IE.webp;2012;2012;12/01/2012;1;1;1;eur;10 años del Euro;2 € Irlanda 10 años del Euro;Billetes y monedas de Euro, 10 años;Euro Coins & Notes, 10 Years;2012_cc_IE.webp;;2007_200.webp;;;;;;63%;Rara;2012/01/12
350;1;200;IT;Italia;Italia;IT.webp;2012;2012;07/01/2012;1;1;1;eur;10 años del Euro;2 € Italia 10 años del Euro;Billetes y monedas de Euro, 10 años;Euro Coins & Notes, 10 Years;2012_cc_IT.webp;;2007_200.webp;;;;;;50%;Intermedia;2012/01/07
351;1;200;LU;Lëtzebuerg;Luxemburgo;LU.webp;2012;2012;02/01/2012;1;1;1;eur;10 años del Euro;2 € Luxemburgo 10 años del Euro;Billetes y monedas de Euro, 10 años;Euro Coins & Notes, 10 Years;2012_cc_LU.webp;;2007_200.webp;;;;;;66%;Rara;2012/01/02
352;1;200;NL;Nederlanden;Países Bajos;NL.webp;2012;2012;03/01/2012;1;1;1;eur;10 años del Euro;2 € Países Bajos 10 años del Euro;Billetes y monedas de Euro, 10 años;Euro Coins & Notes, 10 Years;2012_cc_NL.webp;;2007_200.webp;;;;;;63%;Rara;2012/01/03
353;1;200;PT;Portugal;Portugal;PT.webp;2012;2012;20/03/2012;1;1;1;eur;10 años del Euro;2 € Portugal 10 años del Euro;Billetes y monedas de Euro, 10 años;Euro Coins & Notes, 10 Years;2012_cc_PT.webp;;2007_200.webp;;;;;;47%;Intermedia;2012/03/20
354;1;200;GR;Ελλάδα;Grecia;GR.webp;2012;2012;09/02/2012;1;1;1;eur;10 años del Euro;2 € Grecia 10 años del Euro;Billetes y monedas de Euro, 10 años;Euro Coins & Notes, 10 Years;2012_cc_GR.webp;;2007_200.webp;;;;;;70%;Rara;2012/02/09
355;1;200;SI;Slovenija;Eslovenia;SI.webp;2012;2012;30/03/2012;1;1;1;eur;10 años del Euro;2 € Eslovenia 10 años del Euro;Billetes y monedas de Euro, 10 años;Euro Coins & Notes, 10 Years;2012_cc_SI.webp;;2007_200.webp;;;;;;70%;Rara;2012/03/30
356;1;200;CY;Κύπρος;Chipre;CY.webp;2012;2012;13/02/2012;1;1;1;eur;10 años del Euro;2 € Chipre 10 años del Euro;Billetes y monedas de Euro, 10 años;Euro Coins & Notes, 10 Years;2012_cc_CY.webp;;2007_200.webp;;;;;;57%;Intermedia;2012/02/13
357;1;200;MT;Malta;Malta;MT.webp;2012;2012;24/02/2012;1;1;1;eur;10 años del Euro;2 € Malta 10 años del Euro;Billetes y monedas de Euro, 10 años;Euro Coins & Notes, 10 Years;2012_cc_MT.webp;;2007_200.webp;;;;;;70%;Rara;2012/02/24
358;1;200;SK;Slovensko;Eslovaquia;SK.webp;2012;2012;03/01/2012;1;1;1;eur;10 años del Euro;2 € Eslovaquia 10 años del Euro;Billetes y monedas de Euro, 10 años;Euro Coins & Notes, 10 Years;2012_cc_SK.webp;;2007_200.webp;;;;;;66%;Rara;2012/01/03
359;1;200;EE;Eesti;Estonia;EE.webp;2012;2012;02/01/2012;1;1;1;eur;10 años del Euro;2 € Estonia 10 años del Euro;Billetes y monedas de Euro, 10 años;Euro Coins & Notes, 10 Years;2012_cc_EE.webp;;2007_200.webp;;;;;;66%;Rara;2012/01/02
360;1;200;SM;San Marino;San Marino;SM.webp;2012;2012;19/06/2012;1;1;;eur;10 años del Euro;2 € San Marino 10 años del Euro;Billetes y monedas de Euro, 10 años;Euro Coins & Notes, 10 Years;2012_cc_SM.webp;;2007_200.webp;;;;;;80%;Solo existen versiones de colección;2012/06/19
361;1;200;DE;Deutschland;Alemania;DE.webp;2013;2013;21/01/2013;1;1;;eli;Tratado de los Elíseos;2 € Alemania Tratado Elíseos;Tratado del Elíseo, 50 años;Élysée Treaty, 50 Years;2013_cc_DE.webp;;2007_200.webp;;;;;;50%;Intermedia;2013/01/21
362;1;200;FR;France;Francia;FR.webp;2013;2013;22/01/2013;1;1;;eli;Tratado de los Elíseos;2 € Francia Tratado Elíseos;Tratado del Elíseo, 50 años;Élysée Treaty, 50 Years;2013_cc_FR.webp;;2007_200.webp;;;;;;49%;Intermedia;2013/01/22
363;1;200;AT;Österreich;Austria;AT.webp;2015;2015;30/10/2015;1;1;1;fla;Bandera europea;2 € Austria Bandera europea;Bandera Europea, 30 años;European Flag, 30 Years;2015_cc_AT.webp;;2007_200.webp;;;;;;59%;Intermedia;2015/10/30
364;1;200;BE;Belgie · Belgique · Belgien;Bélgica;BE.webp;2015;2015;18/11/2015;1;1;1;fla;Bandera europea;2 € Bélgica Bandera europea;Bandera Europea, 30 años;European Flag, 30 Years;2015_cc_BE.webp;;2007_200.webp;;;;;;72%;Rara;2015/11/18
365;1;200;DE;Deutschland;Alemania;DE.webp;2015;2015;30/11/2015;1;1;1;fla;Bandera europea;2 € Alemania Bandera europea;Bandera Europea, 30 años;European Flag, 30 Years;2015_cc_DE.webp;;2007_200.webp;;;;;;73%;Rara;2015/11/30
366;1;200;ES;España;España;ES.webp;2015;2015;05/11/2015;1;1;1;fla;Bandera europea;2 € España Bandera europea;Bandera Europea, 30 años;European Flag, 30 Years;2015_cc_ES.webp;;2007_200.webp;;;;;;42%;Intermedia;2015/11/05
367;1;200;FI;Suomi · Finland;Finlandia;FI.webp;2015;2015;10/12/2015;1;1;1;fla;Bandera europea;2 € Finlandia Bandera europea;Bandera Europea, 30 años;European Flag, 30 Years;2015_cc_FI.webp;;2007_200.webp;;;;;;73%;Rara;2015/12/10
368;1;200;FR;France;Francia;FR.webp;2015;2015;27/11/2015;1;1;1;fla;Bandera europea;2 € Francia Bandera europea;Bandera Europea, 30 años;European Flag, 30 Years;2015_cc_FR.webp;;2007_200.webp;;;;;;55%;Intermedia;2015/11/27
369;1;200;IE;Éire;Irlanda;IE.webp;2015;2015;06/08/2015;1;1;1;fla;Bandera europea;2 € Irlanda Bandera europea;Bandera Europea, 30 años;European Flag, 30 Years;2015_cc_IE.webp;;2007_200.webp;;;;;;70%;Rara;2015/08/06
370;1;200;IT;Italia;Italia;IT.webp;2015;2015;21/11/2015;1;1;1;fla;Bandera europea;2 € Italia Bandera europea;Bandera Europea, 30 años;European Flag, 30 Years;2015_cc_IT.webp;;2007_200.webp;;;;;;56%;Intermedia;2015/11/21
371;1;200;LU;Lëtzebuerg;Luxemburgo;LU.webp;2015;2015;23/12/2015;1;1;1;fla;Bandera europea;2 € Luxemburgo Bandera europea;Bandera Europea, 30 años;European Flag, 30 Years;2015_cc_LU.webp;;2007_200.webp;;;;;;68%;Rara;2015/12/23
372;1;200;NL;Nederlanden;Países Bajos;NL.webp;2015;2015;16/10/2015;1;1;1;fla;Bandera europea;2 € Países Bajos Bandera europea;Bandera Europea, 30 años;European Flag, 30 Years;2015_cc_NL.webp;;2007_200.webp;;;;;;65%;Rara;2015/10/16
373;1;200;PT;Portugal;Portugal;PT.webp;2015;2015;09/11/2015;1;1;1;fla;Bandera europea;2 € Portugal Bandera europea;Bandera Europea, 30 años;European Flag, 30 Years;2015_cc_PT.webp;;2007_200.webp;;;;;;66%;Rara;2015/11/09
374;1;200;GR;Ελλάδα;Grecia;GR.webp;2015;2015;17/11/2015;1;1;1;fla;Bandera europea;2 € Grecia Bandera europea;Bandera Europea, 30 años;European Flag, 30 Years;2015_cc_GR.webp;;2007_200.webp;;;;;;68%;Rara;2015/11/17
375;1;200;SI;Slovenija;Eslovenia;SI.webp;2015;2015;10/12/2015;1;1;1;fla;Bandera europea;2 € Eslovenia Bandera europea;Bandera Europea, 30 años;European Flag, 30 Years;2015_cc_SI.webp;;2007_200.webp;;;;;;70%;Rara;2015/12/10
376;1;200;CY;Κύπρος;Chipre;CY.webp;2015;2015;03/11/2015;1;1;1;fla;Bandera europea;2 € Chipre Bandera europea;Bandera Europea, 30 años;European Flag, 30 Years;2015_cc_CY.webp;;2007_200.webp;;;;;;66%;Rara;2015/11/03
377;1;200;MT;Malta;Malta;MT.webp;2015;2015;18/12/2015;1;1;1;fla;Bandera europea;2 € Malta Bandera europea;Bandera Europea, 30 años;European Flag, 30 Years;2015_cc_MT.webp;;2007_200.webp;;;;;;74%;Rara;2015/12/18
378;1;200;SK;Slovensko;Eslovaquia;SK.webp;2015;2015;19/10/2015;1;1;1;fla;Bandera europea;2 € Eslovaquia Bandera europea;Bandera Europea, 30 años;European Flag, 30 Years;2015_cc_SK.webp;;2007_200.webp;;;;;;66%;Rara;2015/10/19
379;1;200;EE;Eesti;Estonia;EE.webp;2015;2015;30/11/2015;1;1;1;fla;Bandera europea;2 € Estonia Bandera europea;Bandera Europea, 30 años;European Flag, 30 Years;2015_cc_EE.webp;;2007_200.webp;;;;;;70%;Rara;2015/11/30
380;1;200;LV;Latvija;Letonia;LV.webp;2015;2015;07/12/2015;1;1;1;fla;Bandera europea;2 € Letonia Bandera europea;Bandera Europea, 30 años;European Flag, 30 Years;2015_cc_LV.webp;;2007_200.webp;;;;;;66%;Rara;2015/12/07
381;1;200;LT;Lietuva;Lituania;LT.webp;2015;2015;24/09/2015;1;1;1;fla;Bandera europea;2 € Lituania Bandera europea;Bandera Europea, 30 años;European Flag, 30 Years;2015_cc_LT.webp;;2007_200.webp;;;;;;66%;Rara;2015/09/24
382;1;200;EE;Eesti;Estonia;EE.webp;2018;2018;31/01/2018;1;1;;bal;Países Bálticos;2 € Estonia Países Bálticos;Países Bálticos, 100 años;Baltic States, 100 Years;2018_cc_EE.webp;;2007_200.webp;;;;;;70%;Rara;2018/01/31
383;1;200;LV;Latvija;Letonia;LV.webp;2018;2018;31/01/2018;1;1;;bal;Países Bálticos;2 € Letonia Países Bálticos;Países Bálticos, 100 años;Baltic States, 100 Years;2018_cc_LV.webp;;2007_200.webp;;;;;;66%;Rara;2018/01/31
384;1;200;LT;Lietuva;Lituania;LT.webp;2018;2018;31/01/2018;1;1;;bal;Países Bálticos;2 € Lituania Países Bálticos;Países Bálticos, 100 años;Baltic States, 100 Years;2018_cc_LT.webp;;2007_200.webp;;;;;;70%;Rara;2018/01/31
385;1;200;DE;Deutschland;Alemania;DE.webp;2019;2019;10/10/2019;1;1;;mur;Caída del Muro de Berlín;2 € Alemania Muro de Berlín;Caída del Muro de Berlín, 30 años;Fall of Berlin Wall, 30 Years;2019_cc_DE.webp;;2007_200.webp;;;;;;42%;Intermedia;2019/10/10
386;1;200;FR;France;Francia;FR.webp;2019;2019;15/10/2019;1;1;;mur;Caída del Muro de Berlín;2 € Francia Muro de Berlín;Caída del Muro de Berlín, 30 años;Fall of Berlin Wall, 30 Years;2019_cc_FR.webp;;2007_200.webp;;;;;;47%;Intermedia;2019/10/15
387;1;200;AT;Österreich;Austria;AT.webp;2022;2022;01/07/2022;1;1;1;era;Programa Erasmus;2 € Austria Programa Erasmus;Programa Erasmus, 35 años;Erasmus Programme, 35 Years;2022_cc_AT.webp;;2007_200.webp;;;;;;59%;Intermedia;2022/07/01
388;1;200;BE;Belgie · Belgique · Belgien;Bélgica;BE.webp;2022;2022;01/07/2022;1;1;1;era;Programa Erasmus;2 € Bélgica Programa Erasmus;Programa Erasmus, 35 años;Erasmus Programme, 35 Years;2022_cc_BE.webp;;2007_200.webp;;;;;;66%;Rara;2022/07/01
389;1;200;DE;Deutschland;Alemania;DE.webp;2022;2022;01/07/2022;1;1;1;era;Programa Erasmus;2 € Alemania Programa Erasmus;Programa Erasmus, 35 años;Erasmus Programme, 35 Years;2022_cc_DE.webp;;2007_200.webp;;;;;;72%;Rara;2022/07/01
390;1;200;ES;España;España;ES.webp;2022;2022;01/07/2022;1;1;1;era;Programa Erasmus;2 € España Programa Erasmus;Programa Erasmus, 35 años;Erasmus Programme, 35 Years;2022_cc_ES.webp;;2007_200.webp;;;;;;46%;Intermedia;2022/07/01
391;1;200;FI;Suomi · Finland;Finlandia;FI.webp;2022;2022;01/07/2022;1;1;1;era;Programa Erasmus;2 € Finlandia Programa Erasmus;Programa Erasmus, 35 años;Erasmus Programme, 35 Years;2022_cc_FI.webp;;2007_200.webp;;;;;;66%;Rara;2022/07/01
392;1;200;FR;France;Francia;FR.webp;2022;2022;01/07/2022;1;1;1;era;Programa Erasmus;2 € Francia Programa Erasmus;Programa Erasmus, 35 años;Erasmus Programme, 35 Years;2022_cc_FR.webp;;2007_200.webp;;;;;;66%;Rara;2022/07/01
393;1;200;IE;Éire;Irlanda;IE.webp;2022;2022;01/07/2022;1;1;1;era;Programa Erasmus;2 € Irlanda Programa Erasmus;Programa Erasmus, 35 años;Erasmus Programme, 35 Years;2022_cc_IE.webp;;2007_200.webp;;;;;;72%;Rara;2022/07/01
394;1;200;IT;Italia;Italia;IT.webp;2022;2022;01/07/2022;1;1;1;era;Programa Erasmus;2 € Italia Programa Erasmus;Programa Erasmus, 35 años;Erasmus Programme, 35 Years;2022_cc_IT.webp;;2007_200.webp;;;;;;57%;Intermedia;2022/07/01
395;1;200;LU;Lëtzebuerg;Luxemburgo;LU.webp;2022;2022;01/07/2022;1;1;1;era;Programa Erasmus;2 € Luxemburgo Programa Erasmus;Programa Erasmus, 35 años;Erasmus Programme, 35 Years;2022_cc_LU.webp;;2007_200.webp;;;;;;68%;Rara;2022/07/01
396;1;200;NL;Nederlanden;Países Bajos;NL.webp;2022;2022;01/07/2022;1;1;1;era;Programa Erasmus;2 € Países Bajos Programa Erasmus;Programa Erasmus, 35 años;Erasmus Programme, 35 Years;2022_cc_NL.webp;;2007_200.webp;;;;;;70%;Rara;2022/07/01
397;1;200;PT;Portugal;Portugal;PT.webp;2022;2022;01/07/2022;1;1;1;era;Programa Erasmus;2 € Portugal Programa Erasmus;Programa Erasmus, 35 años;Erasmus Programme, 35 Years;2022_cc_PT.webp;;2007_200.webp;;;;;;58%;Intermedia;2022/07/01
398;1;200;GR;Ελλάδα;Grecia;GR.webp;2022;2022;01/07/2022;1;1;1;era;Programa Erasmus;2 € Grecia Programa Erasmus;Programa Erasmus, 35 años;Erasmus Programme, 35 Years;2022_cc_GR.webp;;2007_200.webp;;;;;;74%;Rara;2022/07/01
399;1;200;SI;Slovenija;Eslovenia;SI.webp;2022;2022;01/07/2022;1;1;1;era;Programa Erasmus;2 € Eslovenia Programa Erasmus;Programa Erasmus, 35 años;Erasmus Programme, 35 Years;2022_cc_SI.webp;;2007_200.webp;;;;;;78%;Rara;2022/07/01
400;1;200;CY;Κύπρος;Chipre;CY.webp;2022;2022;01/07/2022;1;1;1;era;Programa Erasmus;2 € Chipre Programa Erasmus;Programa Erasmus, 35 años;Erasmus Programme, 35 Years;2022_cc_CY.webp;;2007_200.webp;;;;;;74%;Rara;2022/07/01
401;1;200;MT;Malta;Malta;MT.webp;2022;2022;01/07/2022;1;1;1;era;Programa Erasmus;2 € Malta Programa Erasmus;Programa Erasmus, 35 años;Erasmus Programme, 35 Years;2022_cc_MT.webp;;2007_200.webp;;;;;;82%;Muy rara;2022/07/01
402;1;200;SK;Slovensko;Eslovaquia;SK.webp;2022;2022;01/07/2022;1;1;1;era;Programa Erasmus;2 € Eslovaquia Programa Erasmus;Programa Erasmus, 35 años;Erasmus Programme, 35 Years;2022_cc_SK.webp;;2007_200.webp;;;;;;69%;Rara;2022/07/01
403;1;200;EE;Eesti;Estonia;EE.webp;2022;2022;01/07/2022;1;1;1;era;Programa Erasmus;2 € Estonia Programa Erasmus;Programa Erasmus, 35 años;Erasmus Programme, 35 Years;2022_cc_EE.webp;;2007_200.webp;;;;;;70%;Rara;2022/07/01
404;1;200;LV;Latvija;Letonia;LV.webp;2022;2022;01/07/2022;1;1;1;era;Programa Erasmus;2 € Letonia Programa Erasmus;Programa Erasmus, 35 años;Erasmus Programme, 35 Years;2022_cc_LV.webp;;2007_200.webp;;;;;;66%;Rara;2022/07/01
405;1;200;LT;Lietuva;Lituania;LT.webp;2022;2022;01/07/2022;1;1;1;era;Programa Erasmus;2 € Lituania Programa Erasmus;Programa Erasmus, 35 años;Erasmus Programme, 35 Years;2022_cc_LT.webp;;2007_200.webp;;;;;;66%;Rara;2022/07/01
406;1;200;GR;Ελλάδα;Grecia;GR.webp;2004;2004;12/05/2004;1;0;;;;2 € conm. Grecia 2004;JJOO de Atenas 2004;Athens 2004 Olympic Games;2004_GR.webp;1999_200.webp;;Estatua antigua representando un discóbolo lanzando el disco.;Ancient statue depicting a discobolus in his attempt to throw the discus.;Deportes - JJOO;;;41%;Intermedia;2004/05/12
407;1;200;LU;Lëtzebuerg;Luxemburgo;LU.webp;2004;2004;26/06/2004;1;0;;;;2 € conm. Luxemburgo 2004;Monograma del gran duque Enrique;Grand Duke Henri's Monogram;2004_LU.webp;1999_200.webp;;Efigie y monograma del gran duque Enrique.;Effigy and monogram of Grand-Duke Henri.;Símbolos nacionales;Monograma real;;59%;Intermedia;2004/06/26
408;1;200;FI;Suomi · Finland;Finlandia;FI.webp;2004;2004;30/06/2004;1;0;;;;2 € conm. Finlandia 2004;Ampliación de la Unión Europea en 10 miembros nuevos;European Union Enlargement by 10 New Members;2004_FI.webp;1999_200.webp;;Columna estilizada de la que salen brotes hacia arriba representando la ampliación de la Unión Europea.;Stylised pillar from which the sprouts grow upwards, representing the enlargement of the European Union.;Unión Europea;;;66%;Rara;2004/06/30
409;1;200;IT;Italia;Italia;IT.webp;2004;2004;13/12/2004;1;0;;;;2 € conm. Italia 2004;World Food Programme, 40 años;World Food Programme, 40 Years;2004_IT.webp;1999_200.webp;;Globo terráqueo, inclinado hacia la derecha, del que emergen por detrás una espiga de trigo, una de maíz y una de arroz, los tres cereales que representan las fuentes básicas de nutrición del mundo.;Globe, tilted to the right, from which an ear of wheat, an ear of maize and an ear of rice, the three grains representing the world's basic sources of nourishment, emerge from behind the globe.;Solidaridad;;;46%;Intermedia;2004/12/13
410;1;200;SM;San Marino;San Marino;SM.webp;2004;2004;16/12/2004;1;0;;;;2 € conm. San Marino 2004;Bartolomeo Borghesi;Bartolomeo Borghesi;2004_SM.webp;1999_200.webp;;Imagen del busto de Bartolomeo Borghesi por Giuseppe Romagnoli.;Image of the bust of Bartolomeo Borghesi by Giuseppe Romagnoli.;Ciencia;Numismática;;81%;Solo existen versiones de colección;2004/12/16
411;1;200;VA;Città del Vaticano;Ciudad del Vaticano;VA.webp;2004;2004;16/12/2004;1;0;;;;2 € conm. Vaticano 2004;Fundación del Estado de la Ciudad del Vaticano, 75 años;Foundation of the Vatican City State, 75 Years;2004_VA.webp;1999_200.webp;;Representación del perímetro de la Ciudad del Vaticano con la basílica de San Pedro en primer plano.;Representation of the perimeter walls of the Vatican City with St. Peter's Basilica in the foreground.;Soberanía;;;83%;Solo existen versiones de colección;2004/12/16
412;1;200;LU;Lëtzebuerg;Luxemburgo;LU.webp;2005;2005;15/02/2005;1;0;;;;2 € conm. Luxemburgo 2005;Gr. duques Enrique, 50 años, y Adolfo, 100 años de su muerte;GD Henri's 25th Birthday & Adolphe's 100th Death Anniversary;2005_LU.webp;1999_200.webp;;Efigie del gran duque Enrique superpuesta a la del gran duque Adolfo.;Effigy of GD Henri superimposed on the effigy of GD Adolphe.;Familia real;;;59%;Intermedia;2005/02/15
413;1;200;AT;Österreich;Austria;AT.webp;2005;2005;11/05/2005;1;0;;;;2 € conm. Austria 2005;Tratado de Estado austriaco, 50 años;Austrian State Treaty, 50 Years;2005_AT.webp;1999_200.webp;;Reproducción de las firmas y sellos del Tratado de Estado austriaco.;Reproduction of the signatures and seals in the Austrian State Treaty.;Soberanía;;;52%;Intermedia;2005/05/11
414;1;200;BE;Belgie · Belgique · Belgien;Bélgica;BE.webp;2005;2005;20/05/2005;1;0;;;;2 € conm. Bélgica 2005;Unión económica BE-LU, rey Alberto II y gran duque Enrique;BE-LU Economic Union, King Albert II & GD Henri;2005_BE.webp;1999_200.webp;;Efigies del gran duque Enrique y del Rey Alberto II de perfil.;Effigies of GD Henri and King Albert II in profile.;Pactos internacionales;;;53%;Intermedia;2005/05/20
415;1;200;ES;España;España;ES.webp;2005;2005;30/06/2005;1;0;;;;2 € conm. España 2005;Don Quijote de la Mancha, Cervantes, 400 años;Don Quijote de la Mancha, Cervantes, 400 Years;2005_ES.webp;1999_200.webp;;Imagen de Don Quijote sosteniendo una lanza, con los molinos en el fondo.;Image of Don Quixote holding a lance, with windmills in the background.;Literatura;;;51%;Intermedia;2005/06/30
416;1;200;SM;San Marino;San Marino;SM.webp;2005;2005;14/10/2005;1;0;;;;2 € conm. San Marino 2005;Año mundial de la Física;World Year of Physics;2005_SM.webp;1999_200.webp;;Detalle del fresco «La fisica antica o lo studio dei pianeti», de Giuseppe Maria Crespi, mostrando a Galileo Galilei estudiando los planetas.;Detail of the fresco 'La fisica antica o lo studio dei pianeti' by Giuseppe Maria Crespi, showing Galileo Galilei studying the planets.;Ciencia;Física;;80%;Solo existen versiones de colección;2005/10/14
417;1;200;FI;Suomi · Finland;Finlandia;FI.webp;2005;2005;24/10/2005;1;0;;;;2 € conm. Finlandia 2005;ONU, 60 años y adhesión de Finlandia, 50 años ;UN, 60 Years & Finland's Membership, 50 Years;2005_FI.webp;1999_200.webp;;Piezas de un rompecabezas que muestran la paloma de la paz.;Parts of a jigsaw puzzle showing a dove of peace.;Organismos internacionales;;;61%;Rara;2005/10/24
418;1;200;IT;Italia;Italia;IT.webp;2005;2005;29/10/2005;1;0;;;;2 € conm. Italia 2005;Constitución Europea, 1 año;European Constitution, 1 Year;2005_IT.webp;1999_200.webp;;Europa, sosteniendo un bolígrafo y el texto de la Constitución Europea, y el toro.;Europa, holding a pen and the text of the European Constitution, and the bull.;Constitución;;;46%;Intermedia;2005/10/29
419;1;200;VA;Città del Vaticano;Ciudad del Vaticano;VA.webp;2005;2005;06/12/2005;1;0;;;;2 € conm. Vaticano 2005;XX Jornada Mundial de la Juventud, Colonia;20th World Youth Day, Cologne;2005_VA.webp;1999_200.webp;;Catedral de Colonia con un cometa cruzando el cielo.;Cathedral of Cologne with a comet passing by above.;Jornada Mundial de la Juventud;;Catedral de Colonia;82%;Solo existen versiones de colección;2005/12/06
420;1;200;DE;Deutschland;Alemania;DE.webp;2006;2006;03/02/2006;1;0;;EFA;Estados Federados I;2 € conm. Alemania 2006;Puerta de Holsten. Schleswig-Holstein;The Holstentor. Schleswig-Holstein;2006_DE.webp;1999_200.webp;;Puerta de Holsten representando la ciudad de Lubeca.;The Holstentor, the gate symbolising of the town of Lübeck.;Arquitectura;;;42%;Intermedia;2006/02/03
421;1;200;LU;Lëtzebuerg;Luxemburgo;LU.webp;2006;2006;04/02/2006;1;0;;;;2 € conm. Luxemburgo 2006;Gran duque heredero Guillermo, 25.º cumpleaños;HGD Guillaume's 25th Birthday;2006_LU.webp;1999_200.webp;;Efigie del gran duque Enrique superpuesta a la del heredero Guillermo.;Effigy of GD Henri superimposed on that of GD Guillaume.;Familia real;;;65%;Rara;2006/02/04
422;1;200;IT;Italia;Italia;IT.webp;2006;2006;10/02/2006;1;0;;;;2 € conm. Italia 2006;JJOO de invierno de Turín 2006;Turin 2006 Winter Olympic Games;2006_IT.webp;1999_200.webp;;Esquiador y una imagen de la Mole Antonelliana de Turín.;Skier and an image of the Mole Antonelliana building in Turin.;Deportes - JJOO;;;40%;Intermedia;2006/02/10
423;1;200;BE;Belgie · Belgique · Belgien;Bélgica;BE.webp;2006;2006;10/04/2006;1;0;;;;2 € conm. Bélgica 2006;Reapertura del Atomium;Atomium reopening;2006_BE.webp;1999_200.webp;;Imagen del Atomium.;Image of Atomium.;Arquitectura;;;54%;Intermedia;2006/04/10
424;1;200;FI;Suomi · Finland;Finlandia;FI.webp;2006;2006;04/10/2006;1;0;;;;2 € conm. Finlandia 2006;Sufragio universal, 100 años;Universal Suffrage, 100 Years;2006_FI.webp;1999_200.webp;;Caras masculina y femenina separadas por una línea.;Male and female faces separated by a line.;Democracia;;;59%;Intermedia;2006/10/04
425;1;200;SM;San Marino;San Marino;SM.webp;2006;2006;17/10/2006;1;0;;;;2 € conm. San Marino 2006;Cristóbal Colón, 500 años de su muerte;Christopher Columbus' 500th Death Anniversary;2006_SM.webp;1999_200.webp;;Cristóbal Colón y las tres carabelas.;Christopher Columbus and three caravels.;Exploraciones;;;80%;Solo existen versiones de colección;2006/10/17
426;1;200;VA;Città del Vaticano;Ciudad del Vaticano;VA.webp;2006;2006;09/11/2006;1;0;;;;2 € conm. Vaticano 2006;Guardia Suiza Pontificia, 500 años;Pontifical Swiss Guard, 500 Years;2006_VA.webp;1999_200.webp;;Guardia suizo prestando juramento de lealtad al Papa.;Swiss guard taking an oath of loyalty to the Pope.;Cuerpos uniformados;;;82%;Solo existen versiones de colección;2006/11/09
427;1;200;DE;Deutschland;Alemania;DE.webp;2007;2007;02/02/2007;1;0;;EFA;Estados Federados I;2 € conm. Alemania 2007;Castillo de Schwerin. Mecklenburg-Vorpommern;Schwerin Castle. Mecklenburg-Vorpommern;2007_DE.webp;;2007_200.webp;Castillo de Schwerin.;Schwerin Castle.;Arquitectura;;;42%;Intermedia;2007/02/02
428;1;200;LU;Lëtzebuerg;Luxemburgo;LU.webp;2007;2007;02/02/2007;1;0;;;;2 € conm. Luxemburgo 2007;Palacio del Gran Ducado;Grand-Ducal Palace;2007_LU.webp;;2007_200.webp;Efigie del gran duque Enrique superpuesta al palacio gran ducal.;Effigy of GD Henri superimposed on an image of the Grand Ducal Palace;Arquitectura;;;65%;Rara;2007/02/02
429;1;200;PT;Portugal;Portugal;PT.webp;2007;2007;02/07/2007;1;0;;;;2 € conm. Portugal 2007;Presidencia del Consejo de la UE;Council of the EU Presidency;2007_PT.webp;1999_200.webp;;Alcornoque, árbol nacional de Portugal y símbolo de su economía y ecología.;Cork oak, national tree of Portugal and symbol of its economy and ecology.;Presidencia del Consejo de la UE;Plantas;;64%;Rara;2007/07/02
430;1;200;MC;Monaco;Mónaco;MC.webp;2007;2007;12/07/2007;1;0;;;;2 € conm. Mónaco 2007;Princesa Grace, 25 años de su muerte;Princess Grace's 25th Death Anniversary;2007_MC.webp;;2007_200.webp;Efigie de la princesa Grace.;Effigy of Princess Grace.;Familia real;;;93%;Solo existen versiones de colección;2007/07/12
431;1;200;SM;San Marino;San Marino;SM.webp;2007;2007;09/10/2007;1;0;;;;2 € conm. San Marino 2007;Giuseppe Garibaldi, 200.º cumpleaños;Giuseppe Garibaldi's 200th Birthday;2007_SM.webp;1999_200.webp;;Grabado de un retrato de Giuseppe Garibaldi.;Engraving of a portrait of Giuseppe Garibaldi.;Políticos;;;80%;Solo existen versiones de colección;2007/10/09
432;1;200;VA;Città del Vaticano;Ciudad del Vaticano;VA.webp;2007;2007;23/10/2007;1;0;;;;2 € conm. Vaticano 2007;Papa Benedicto XVI, 80.º cumpleaños;Pope Benedict XVI's 80th Birthday;2007_VA.webp;;2007_200.webp;El Papa Benedict XVI mirando hacia la izquierda.;His Holiness Benedict XVI facing the left.;Catolicismo;;;82%;Solo existen versiones de colección;2007/10/23
433;1;200;FI;Suomi · Finland;Finlandia;FI.webp;2007;2007;03/12/2007;1;0;;;;2 € conm. Finlandia 2007;Independencia de Finlandia, 90 años;Finland independence, 90 Years;2007_FI.webp;;2007_200.webp;Bote de nueve remos, simbolizando la colaboración.;Nine-oar boat with rowers, symbolising collaboration.;Soberanía;Náutica;Independencia de Finlandia;61%;Rara;2007/12/03
434;1;200;DE;Deutschland;Alemania;DE.webp;2008;2008;01/02/2008;1;0;;EFA;Estados Federados I;2 € conm. Alemania 2008;Iglesia de San Miguel. Hamburg;St. Michaelis Church. Hamburg;2008_DE.webp;;2007_200.webp;Iglesia barroca de San Miguel en Hamburgo.;Baroque church of St. Michaelis in Hamburg.;Arquitectura;;;42%;Intermedia;2008/02/01
435;1;200;LU;Lëtzebuerg;Luxemburgo;LU.webp;2008;2008;01/02/2008;1;0;;;;2 € conm. Luxemburgo 2008;Castillo de Berg;Berg Castle;2008_LU.webp;;2007_200.webp;Efigie del gran duque Enrique superpuesta al castillo de Berg, la residencia oficial.;Effigy of GD Henri superimposed on an image of the Château de Berg, the official residence.;Arquitectura;;;65%;Rara;2008/02/01
436;1;200;SM;San Marino;San Marino;SM.webp;2008;2008;20/05/2008;1;0;;;;2 € conm. San Marino 2008;Año Europeo del Diálogo Intercultural;European Year of Intercultural Dialogue;2008_SM.webp;;2007_200.webp;Cinco siluetas humanas que simbolizan las culturas de las cinco regiones de Europa, junto con los textos sagrados de las diferentes comunidades.;Five human silhouettes symbolising the cultures of the five regions in Europe, together with the sacred texts of the different communities;Tradición;;;80%;Solo existen versiones de colección;2008/05/20
437;1;200;SI;Slovenija;Eslovenia;SI.webp;2008;2008;26/05/2008;1;0;;;;2 € conm. Eslovenia 2008;Primož Trubar, 500.º cumpleaños;Primož Trubar's 500th Birthday;2008_SI.webp;;2007_200.webp;Efigie de Primož Trubar de perfil, protestante esloveno, autor del primer libro escrito en esloveno.;Effigy in profile of Primož Trubar, Slovenian Protestant and author of the first book written in Slovene.;Lengua;;;66%;Rara;2008/05/26
438;1;200;BE;Belgie · Belgique · Belgien;Bélgica;BE.webp;2008;2008;30/05/2008;1;0;;;;2 € conm. Bélgica 2008;Declaración Universal de DDHH, 60 años;Universal Declaration of Human Rights, 60 Years;2008_BE.webp;;2007_200.webp;Líneas curvas simbolizando la irradiación y propagación de los derechos humanos, representados con el logo de la ONU para el aniversario de la Declaración Universal, el rectángulo con el número 60.;Curved lines symbolizing the irradiation and propagation of human rights, represented by the UN logo for the anniversary of the Universal Declaration, the rectangle with the figure 60.;Declaración Universal de DDHH;;Declaración Universal 60 años;54%;Intermedia;2008/05/30
439;1;200;FR;France;Francia;FR.webp;2008;2008;01/07/2008;1;0;;;;2 € conm. Francia 2008;Presidencia del Consejo de la UE;Council of the EU Presidency;2008_FR.webp;;2007_200.webp;Inscripción del motivo conmemorativo.;Inscription of the commemorative theme.;Presidencia del Consejo de la UE;;;45%;Intermedia;2008/07/01
440;1;200;PT;Portugal;Portugal;PT.webp;2008;2008;18/09/2008;1;0;;;;2 € conm. Portugal 2008;Declaración Universal de DDHH, 60 años;Universal Declaration of Human Rights, 60 Years;2008_PT.webp;;2007_200.webp;Escudo de armas portugués en la parte superior, brillante como el sol, y un diseño geométrico representando el Océano Atlántico en la mitad inferior, símbolo de la apertura y la conexión de Portugal con el mundo a través del mar.;Portuguese coat of arms at the top, shining like the sun, and a geometric design representing the Atlantic Ocean in the lower half, symbolizing Portugal's openness and connection to the world through the sea.;Declaración Universal de DDHH;;Declaración Universal 60 años;65%;Rara;2008/09/18
441;1;200;VA;Città del Vaticano;Ciudad del Vaticano;VA.webp;2008;2008;15/10/2008;1;0;;;;2 € conm. Vaticano 2008;Año de San Pablo Apóstol;Year of Saint Paul the Apostle;2008_VA.webp;;2007_200.webp;Conversión de Pablo en el camino a Damasco, visible al fondo, que, deslumbrado por una luz del cielo, cae de su caballo encabritado.;Conversion of Paul on the road to Damascus, visible in the background, dazzled by a light from the sky, he falls from his rearing horse.;Catolicismo;Biblia;;81%;Muy rara;2008/10/15
442;1;200;FI;Suomi · Finland;Finlandia;FI.webp;2008;2008;24/10/2008;1;0;;;;2 € conm. Finlandia 2008;Declaración Universal de DDHH, 60 años;Universal Declaration of Human Rights, 60 Years;2008_FI.webp;;2007_200.webp;Ser humano en un corazón, por Tapio Kettunen.;Human being inside a heart, by Tapio Kettunen.;Declaración Universal de DDHH;;Declaración Universal 60 años;63%;Rara;2008/10/24
443;1;200;IT;Italia;Italia;IT.webp;2008;2008;10/12/2008;1;0;;;;2 € conm. Italia 2008;Declaración Universal de DDHH, 60 años;Universal Declaration of Human Rights, 60 Years;2008_IT.webp;;2007_200.webp;Hombre y mujer con una rama de olivo, una mazorca de maíz, una rueda dentada y alambre de espino: símbolos del derecho a la paz, la alimentación, el trabajo y la libertad, respectivamente.;Man and a woman with an olive branch, an ear of corn, a cogwheel and some barbed wire – symbols of the right to peace, food, work and freedom respectively.;Declaración Universal de DDHH;;Declaración Universal 60 años;59%;Intermedia;2008/12/10
444;1;200;LU;Lëtzebuerg;Luxemburgo;LU.webp;2009;2009;15/01/2009;1;0;;;;2 € conm. Luxemburgo 2009;Ascensión al trono de la gran duquesa Carlota, 90 años;Grand Duchess Charlotte’s Accession, 90 Years;2009_LU.webp;;2007_200.webp;Efigie del gran duque Enrique superpuesta a la de la gran duquesa Carlota;Effigy of GD Henri superimposed on that of GD Charlotte;Familia real;;;67%;Rara;2009/01/15
445;1;200;DE;Deutschland;Alemania;DE.webp;2009;2009;06/02/2009;1;0;;EFA;Estados Federados I;2 € conm. Alemania 2009;Iglesia de San Luis. Saarland;Ludwigskirche. Saarland;2009_DE.webp;;2007_200.webp;Iglesia de San Luis en Sarrebruck, capital del Sarre.;Ludwigskirche in Saarbrücken, capital of Saarland.;Arquitectura;;;42%;Intermedia;2009/02/06
446;1;200;PT;Portugal;Portugal;PT.webp;2009;2009;09/06/2009;1;0;;;;2 € conm. Portugal 2009;Segundos Juegos de la Lusofonía;Second Lusophone Games;2009_PT.webp;;2007_200.webp;Gimnasta haciendo girar una larga cinta, símbolo de la unión y el dinamismo entre las naciones que forman la Lusofonía, países de habla portuguesa de cuatro continentes.;Gymnast swirling a long ribbon, symbol of the union and dynamism among the nations that make up the Lusophony, Portuguese-speaking countries from four continents.;Deportes;;;64%;Rara;2009/06/09
447;1;200;SM;San Marino;San Marino;SM.webp;2009;2009;05/09/2009;1;0;;;;2 € conm. San Marino 2009;Año europeo de la Creatividad y la Innovación;European Year of Creativity & Innovation;2009_SM.webp;;2007_200.webp;Libro, compás, tubo de ensayo y matraz, símbolos de la investigación científica.;Book, compass, test tube and flask, symbols of scientific research.;Ciencia;;;80%;Solo existen versiones de colección;2009/09/05
448;1;200;BE;Belgie · Belgique · Belgien;Bélgica;BE.webp;2009;2009;25/09/2009;1;0;;;;2 € conm. Bélgica 2009;Louis Braille, 200.º cumpleaños;Louis Braille's 200th Birthday;2009_BE.webp;;2007_200.webp;Retrato de Louis Braille con sus iniciales, L y B, en el alfabeto que él mismo diseñó.;Portrait of Louis Braille with his initials, L and B, in the alphabet that he designed.;Inclusión social;;Louis Braille;54%;Intermedia;2009/09/25
449;1;200;IT;Italia;Italia;IT.webp;2009;2009;15/10/2009;1;0;;;;2 € conm. Italia 2009;Louis Braille, 200.º cumpleaños;Louis Braille's 200th Birthday;2009_IT.webp;;2007_200.webp;Mano leyendo un libro abierto mediante el tacto. Dos pájaros en vuelo sobre la mano simbolizan la libertad del conocimiento. El nombre de Braille aparece escrito bajo el libro en el alfabeto que él mismo inventó.;Hand reading an open book by touch. Two birds in flight above the hand symbolise freedom of knowledge. Braille’s name is written under the book in the alphabet that he invented.;Inclusión social;;Louis Braille;61%;Rara;2009/10/15
450;1;200;FI;Suomi · Finland;Finlandia;FI.webp;2009;2009;23/10/2009;1;0;;;;2 € conm. Finlandia 2009;Dieta de Porvoo: Autonomía de FI, 200 años;Diet of Porvoo, FI autonomy, 200 Years;2009_FI.webp;;2007_200.webp;Perfil de la catedral de Porvoo, donde tuvo lugar la ceremonia de apertura de la primera Dieta de Finlandia.;Profile of Porvoo cathedral, where the opening ceremony of the first Diet of Finland took place.;Modelo de estado;Parlamentarismo;;62%;Rara;2009/10/23
451;1;200;SK;Slovensko;Eslovaquia;SK.webp;2009;2009;10/11/2009;1;0;;;;2 € conm. Eslovaquia 2009;Día de la lucha por la libertad y la democracia, 20 años;Day of Fight for Freedom & Democracy, 20 Years;2009_SK.webp;;2007_200.webp;Campana estilizada con llaves que hacen de badajos, en recuerdo de la manifestación del 17 de noviembre de 1989, cuando los manifestantes hicieron sonar sus llaves para simbolizar la apertura de las puertas, un acontecimiento que marcó el inicio de la Revolución de Terciopelo en la entonces Checoslovaquia.;Stylised bell with keys serving as clappers, recalling the demonstration on 17 November 1989 when protesters jangled their keys to symbolise the unlocking of doors, an event which marked the beginning of the Velvet Revolution in Czechoslovakia, as it then was.;Lucha por la libertad;;;66%;Rara;2009/11/10
452;1;200;VA;Città del Vaticano;Ciudad del Vaticano;VA.webp;2009;2009;18/11/2009;1;0;;;;2 € conm. Vaticano 2009;Año internacional de la Astronomía;International Year of Astronomy;2009_VA.webp;;2007_200.webp;Alegoría del nacimiento de las estrellas y los planetas junto con varios instrumentos astronómicos, inspirada en los frescos de Miguel Ángel en la Capilla Sixtina.;Allegory of the birth of the stars and planets together with several astronomical instruments, inspired by Michelangelo's frescoes in the Sistine Chapel.;Ciencia;Astronomía;;81%;Muy rara;2009/11/18
453;1;200;LU;Lëtzebuerg;Luxemburgo;LU.webp;2010;2010;14/01/2010;1;0;;;;2 € conm. Luxemburgo 2010;Escudo de armas del gran duque;Grand-Duke's coat of arms;2010_LU.webp;;2007_200.webp;Efigie del gran duque Enrique mirando hacia la derecha y su escudo de armas.;Effigy of GD Henri facing towards the right and his coat of arms.;Escudo de armas;;;70%;Rara;2010/01/14
454;1;200;DE;Deutschland;Alemania;DE.webp;2010;2010;29/01/2010;1;0;;EFA;Estados Federados I;2 € conm. Alemania 2010;Ayuntamiento de Bremen y estatua de Rolando. Bremen;Bremen's town hall & Roland Statue. Bremen;2010_DE.webp;;2007_200.webp;Ayuntamiento de Bremen con la estatua de Rolando en primer plano.;Town Hall of Bremen with the Roland statue in the foreground.;Arquitectura;;;42%;Intermedia;2010/01/29
455;1;200;ES;España;España;ES.webp;2010;2010;29/01/2010;1;0;;PHU;Lugares Patrimonio de la Humanidad de España;2 € conm. España 2010;Centro histórico de Córdoba;Cordoba's Historic Centre;2010_ES.webp;;2007_200.webp;«Bosque de columnas» de la Mezquita de Córdoba, uno de los ejemplos más significativos y antiguos del arte islámico en Europa.;'Forest of pillars' of the Great Mosque of Córdoba, one of the most significant and oldest examples of Islamic art in Europe.;Arquitectura;;;56%;Intermedia;2010/01/29
456;1;200;IT;Italia;Italia;IT.webp;2010;2010;01/03/2010;1;0;;;;2 € conm. Italia 2010;Conde de Cavour, 200.º cumpleaños;Count of Cavour's 200th Birthday;2010_IT.webp;;2007_200.webp;Retrato de Cavour basado en una pintura de Francesco Hayez.;Portrait of Cavour based on a painting by Francesco Hayez.;Políticos;;;56%;Intermedia;2010/03/01
457;1;200;SI;Slovenija;Eslovenia;SI.webp;2010;2010;10/05/2010;1;0;;;;2 € conm. Eslovenia 2010;Jardín botánico de Liubliana, 200 años;Ljubljana's Botanical Garden, 200 Years;2010_SI.webp;;2007_200.webp;«Hladnikia pastinacifolia», planta reliquia de la flora del Terciario que sobrevive al oeste de Eslovenia.;Rebrinčevolistna Hladnikija, a relic plant of Tertiary flora that survives in western Slovenia.;Plantas;Jardín botánico;;66%;Rara;2010/05/10
458;1;200;FR;France;Francia;FR.webp;2010;2010;30/05/2010;1;0;;;;2 € conm. Francia 2010;Llamamiento del 18 de junio, 70 años;Appeal of 18 June, 70 Years;2010_FR.webp;;2007_200.webp;Charles de Gaulle leyendo su discurso ante un micrófono.;Charles de Gaulle reading his speech in front of a microphone.;Guerras y paz;;;45%;Intermedia;2010/05/30
459;1;200;BE;Belgie · Belgique · Belgien;Bélgica;BE.webp;2010;2010;10/06/2010;1;0;;;;2 € conm. Bélgica 2010;Presidencia del Consejo de la UE;Council of the EU Presidency;2010_BE.webp;;2007_200.webp;Versión belga del logotipo del Trío de Presidencias que comenzó en enero de 2010.;Belgian version of the logo of the Trio of Presidencies which began in January 2010.;Presidencia del Consejo de la UE;;;54%;Intermedia;2010/06/10
460;1;200;SM;San Marino;San Marino;SM.webp;2010;2010;07/09/2010;1;0;;;;2 € conm. San Marino 2010;Sandro Botticelli, 500 años de su muerte;Sandro Botticelli's 500th Death Anniversary;2010_SM.webp;;2007_200.webp;Detalle de Placer, una de las tres Gracias representadas en su cuadro «La Primavera».;Detail of Pleasure, one of the three Graces depicted in his painting 'La Primavera'.;Pintura;;;80%;Solo existen versiones de colección;2010/09/07
461;1;200;PT;Portugal;Portugal;PT.webp;2010;2010;08/09/2010;1;0;;;;2 € conm. Portugal 2010;República de Portugal, 100 años;Portuguese Republic, 100 Years;2010_PT.webp;;2007_200.webp;Efigie de la República, personificada en una mujer joven llevando el gorro frigio, sobreimpuesta al escudo de armas adoptado oficialmente por la República en 1911.;Effigy of the Republic, personified by a young woman wearing the Phrygian cap, superimposed on the coat of arms officially adopted by the Republic in 1911.;Modelo de estado;República;;65%;Rara;2010/09/08
462;1;200;VA;Città del Vaticano;Ciudad del Vaticano;VA.webp;2010;2010;12/10/2010;1;0;;;;2 € conm. Vaticano 2010;Año sacerdotal;Year for Priests;2010_VA.webp;;2007_200.webp;Pastor rescatando al cordero de las fauces del león, símbolo de la labor del sacerdote como protector de su «rebaño» frente a los peligros espirituales.;Shepherd pulling a lamb from a lion’s mouth, symbol of the priest's work as a protector of his 'flock' against spiritual dangers.;Catolicismo;;;81%;Muy rara;2010/10/12
463;1;200;GR;Ελλάδα;Grecia;GR.webp;2010;2010;25/10/2010;1;0;;;;2 € conm. Grecia 2010;Batalla de Maratón, 2500 años;Battle of Marathon, 2500 Years;2010_GR.webp;;2007_200.webp;Síntesis de un escudo y un corredor/guerrero que representa la lucha por la libertad y los nobles ideales que defiende la Batalla de Maratón.;Synthesis of a shield and a runner/warrior representing the struggle for freedom and the noble ideals that the Battle of Marathon stands for.;Historia antigua;;;59%;Intermedia;2010/10/25
464;1;200;FI;Suomi · Finland;Finlandia;FI.webp;2010;2010;29/10/2010;1;0;;;;2 € conm. Finlandia 2010;Decreto monetario de Finlandia de 1860;Finland's Currency Decree of 1860;2010_FI.webp;;2007_200.webp;León heráldico de Finlandia junto a una cascada de números que caen o flotan, simbolizando los valores monetarios de las monedas y billetes finlandeses a lo largo de su historia.;Finnish heraldic lion alongside a cascade of falling or floating numbers, symbolising the monetary values of Finnish coins and banknotes throughout their history.;Divisas;;;62%;Rara;2010/10/29
465;1;200;SK;Slovensko;Eslovaquia;SK.webp;2011;2011;10/01/2011;1;0;;;;2 € conm. Eslovaquia 2011;Grupo de Visegrád, 20 años;Visegrád Group, 20 Years;2011_SK.webp;;2007_200.webp;Siluetas de cuatro estados de Europa Central (República Checa, Hungría, Polonia y Eslovaquia) con una 'V' compuesta superpuesta para designar al Grupo de Visegrado, una alianza regional.;Outlines of four central European states – the Czech Republic, Hungary, Poland and Slovakia – with a superimposed composite 'V' to designate the Visegrad Group, a regional alliance.;Pactos internacionales;;;66%;Rara;2011/01/10
466;1;200;NL;Nederlanden;Países Bajos;NL.webp;2011;2011;24/01/2011;1;0;;;;2 € conm. Países Bajos 2011;Elogio de la Locura, Erasmus, 500 años;In Prais of Folly, Erasmus, 500 Years;2011_NL.webp;;2007_200.webp;Erasmo escribiendo su libro a la derecha y efigie de la reina Beatriz a la izquierda.;Erasmus writing his book on the right and the effigy of Queen Beatrix to the left.;Literatura;;;56%;Intermedia;2011/01/24
467;1;200;DE;Deutschland;Alemania;DE.webp;2011;2011;28/01/2011;1;0;;EFA;Estados Federados I;2 € conm. Alemania 2011;Catedral de Colonia. Nordrhein-Westfalen;Cologne Cathedral. Nordrhein-Westfalen;2011_DE.webp;;2007_200.webp;Catedral de Colonia.;Cologne Cathedral.;Arquitectura;;Catedral de Colonia;42%;Intermedia;2011/01/28
468;1;200;ES;España;España;ES.webp;2011;2011;28/01/2011;1;0;;PHU;Lugares Patrimonio de la Humanidad de España;2 € conm. España 2011;Patio de los Leones de la Alhambra, Granada;Court of the Lions of the Alhambra, Granada;2011_ES.webp;;2007_200.webp;Patio de los Leones de la Alhambra, en Granada.;Court of the Lions in the Alhambra, the fortified castle in the city of Granada.;Arquitectura;;;56%;Intermedia;2011/01/28
469;1;200;LU;Lëtzebuerg;Luxemburgo;LU.webp;2011;2011;28/01/2011;1;0;;;;2 € conm. Luxemburgo 2011;Nombramiento de Jean como lugarteniente, 50 años;"Jean's Appointment as ""Lieutenant-Représentant"", 50 Years";2011_LU.webp;;2007_200.webp;Efigie del gran duque Enrique superpuesta a las de Juan, nombrado lugarteniente-representante, y de su madre Carlota, quien le otorgó el cargo al delegar sus funciones.;Effigy of GD Henri superimposed on those of GD Jean, appointed Lieutenant-Representative, and his mother GD Charlotte, who granted him the position upon delegating her powers.;Familia real;;;68%;Rara;2011/01/28
470;1;200;SI;Slovenija;Eslovenia;SI.webp;2011;2011;21/03/2011;1;0;;;;2 € conm. Eslovenia 2011;Franc Rozman-Stane, 100.º cumpleaños;Franc Rozman-Stane's 100th Birthday;2011_SI.webp;;2007_200.webp;Imagen estilizada de Franc Rozman-Stane, general del Alto Mando del ejército partisano esloveno y héroe nacional de Eslovenia.;Stylised image of Franc Rozman-Stane, general in the High Command of the Slovene partisan army and a national hero of Slovenia.;Guerras y paz;;;66%;Rara;2011/03/21
471;1;200;IT;Italia;Italia;IT.webp;2011;2011;22/04/2011;1;0;;;;2 € conm. Italia 2011;Unificación de Italia, 150 años;Unification of Italy, 150 Years;2011_IT.webp;;2007_200.webp;Tres banderas italianas ondeando al viento, que representan tres periodos pasados de 50 años cada uno como ilustración de un vínculo perfecto entre generaciones: este es el logotipo del 150.º aniversario de la unificación de Italia.;Three Italian flags fluttering in the wind marking three past periods of 50 years each  in illustration of a perfect link between generations: this is the logo of the 150th anniversary of the unification of Italy.;Unión de territorios;;;50%;Intermedia;2011/04/22
472;1;200;BE;Belgie · Belgique · Belgien;Bélgica;BE.webp;2011;2011;03/05/2011;1;0;;;;2 € conm. Bélgica 2011;Día Internacional de la Mujer, 100 años;International Women's Day, 100 Years;2011_BE.webp;;2007_200.webp;Efigies de Isala Van Diest, la primera médica belga, y Marie Popelin, la primera abogada belga.;Effigies of Isala Van Diest, the first female Belgian medical doctor, and Marie Popelin, the first female Belgian lawyer.;Derechos sociales;Feminismo;;54%;Intermedia;2011/05/03
473;1;200;GR;Ελλάδα;Grecia;GR.webp;2011;2011;30/05/2011;1;0;;;;2 € conm. Grecia 2011;Juegos Mundiales de Verano de Special Olympics, Atenas;Special Olympics World Summer Games, Athens;2011_GR.webp;;2007_200.webp;Emblema de los Juegos compuesto por un sol radiante, fuente de vida, una rama de olivo, representando la excelencia, y una espiral que parte del centro simbolizando la potencia de los atletas.;Emblem of the Games featuring a radiant sun, the source of life, an olive branch, representing excellence, and a spiral starting from the centre symbolising the power of the athletes.;Deportes;;;66%;Rara;2011/05/30
474;1;200;SM;San Marino;San Marino;SM.webp;2011;2011;04/06/2011;1;0;;;;2 € conm. San Marino 2011;Giorgio Vasari, 500.º cumpleaños;Giorgio Vasari 500th's Birthday;2011_SM.webp;;2007_200.webp;Detalle de su cuadro «Giuditta che decapita Oloferne», Judit decapita a Holofernes.;Detail of his painting 'Giuditta che decapita Oloferne', Judith Beheading Holofernes.;Pintura;;;80%;Solo existen versiones de colección;2011/06/04
475;1;200;FR;France;Francia;FR.webp;2011;2011;21/06/2011;1;0;;;;2 € conm. Francia 2011;Fiesta de la Música, 30 años;Music Day, 30 Years;2011_FR.webp;;2007_200.webp;Muchedumbre alegre con una imagen estilizada de un instrumento musical y notas flotando en el aire, que representan el ambiente de celebración del Día de la Música.;Cheerful crowd, with a stylised image of a musical instrument and notes floating in the air, denoting the atmosphere of celebration on the Day of Music.;Música;Artes escénicas y eventos;;50%;Intermedia;2011/06/21
476;1;200;MC;Monaco;Mónaco;MC.webp;2011;2011;02/07/2011;1;0;;;;2 € conm. Mónaco 2011;Boda del príncipe Alberto II y Charlene;Prince Albert II & Charlene wedding;2011_MC.webp;;2007_200.webp;Efigies del príncipe Alberto y la princesa Charlene.;Effigies of Prince Albert and Princess Charlene.;Familia real;;;79%;Rara;2011/07/02
477;1;200;PT;Portugal;Portugal;PT.webp;2011;2011;15/09/2011;1;0;;;;2 € conm. Portugal 2011;Fernão Mendes Pinto, 500.º cumpleaños;Fernão Mendes Pinto's 500th Birthday;2011_PT.webp;;2007_200.webp;Barco de vela navegando sobre un mar formado por una serie de referencias onduladas a Portugal, Lisboa, su libro «Peregrinação» y algunos de los destinos de sus viajes.;Sailing ship floating on a sea formed by a series of wave-shaped references to Portugal, Lisbon, his book 'Peregrinaçao' and some of the destinations of his travels.;Exploraciones;;;70%;Rara;2011/09/15
478;1;200;FI;Suomi · Finland;Finlandia;FI.webp;2011;2011;17/10/2011;1;0;;;;2 € conm. Finlandia 2011;Banco de Finlandia (Cisne), 200 años;Bank of Finland (Swan), 200 Years;2011_FI.webp;;2007_200.webp;Cisne, ave nacional de Finlandia.;Finland’s national bird, the swan.;Bancos nacionales;Animales;;62%;Rara;2011/10/17
479;1;200;VA;Città del Vaticano;Ciudad del Vaticano;VA.webp;2011;2011;18/10/2011;1;0;;;;2 € conm. Vaticano 2011;XXVI Jornada Mundial de la Juventud, Madrid;26th World Youth Day, Madrid;2011_VA.webp;;2007_200.webp;Jóvenes ondeando banderas que representan la universalidad de la Iglesia Católica y la diversidad de naciones que se reunieron en Madrid.;Young people waving flags representing the universality of the Catholic Church and the diversity of nations that gathered in Madrid.;Jornada Mundial de la Juventud;;;81%;Muy rara;2011/10/18
480;1;200;MT;Malta;Malta;MT.webp;2011;2011;19/10/2011;1;0;;HCM;Historia constitucional de Malta;2 € conm. Malta 2011;Primera elección de representantes en 1849;First elected representatives of 1849;2011_MT.webp;;2007_200.webp;Mano introduciendo una papeleta en la urna.;Hand inserting a ballot paper into the ballot box.;Democracia;;;71%;Rara;2011/10/19
481;1;200;DE;Deutschland;Alemania;DE.webp;2012;2012;03/02/2012;1;0;;EFA;Estados Federados I;2 € conm. Alemania 2012 (1);Castillo de Neuschwanstein. Bayern;Neuschwanstein Castle. Bayern;2012_DE_(1).webp;;2007_200.webp;Castillo de Neuschwanstein, en Baviera, visto desde el este, con el pabellón de entrada en primer plano, las románticas torres y torreones del propio castillo y las montañas al fondo.;Neuschwanstein Castle, in Bavaria, viewed from the east, with the gatehouse in the foreground, the romantic towers and turrets of the castle itself, and the mountains behind.;Arquitectura;;;42%;Intermedia;2012/02/03
482;1;200;ES;España;España;ES.webp;2012;2012;03/02/2012;1;0;;PHU;Lugares Patrimonio de la Humanidad de España;2 € conm. España 2012 (1);Catedral de Burgos;Burgos Cathedral;2012_ES_(1).webp;;2007_200.webp;Catedral de Burgos.;Burgos Cathedral.;Arquitectura;;;56%;Intermedia;2012/02/03
483;1;200;LU;Lëtzebuerg;Luxemburgo;LU.webp;2012;2012;03/02/2012;1;0;;;;2 € conm. Luxemburgo 2012 (1);Gran duque Guillermo IV, 100 años de su muerte;Grand Duke Guillaume IV's 100th Death Anniversary;2012_LU_(1).webp;;2007_200.webp;Efigie del gran duque Enrique delante de la de su bisabuelo, el gran duque Guillermo IV.;Effigy of GD Henri in front of that of his great-grandfather, GD Guillaume IV.;Familia real;;;68%;Rara;2012/02/03
484;1;200;BE;Belgie · Belgique · Belgien;Bélgica;BE.webp;2012;2012;06/06/2012;1;0;;;;2 € conm. Bélgica 2012 (1);Concurso Reina Isabel, 75 años;Queen Elisabeth Competition, 75 Years;2012_BE_(1).webp;;2007_200.webp;Logotipo del certamen musical Concurso Reina Isabel superpuesto a la efigie de la reina.;Logo of the 'Concours Reine Elisabeth' music competition superimposed on an effigy of the Queen.;Música;Artes escénicas y eventos;;54%;Intermedia;2012/06/06
485;1;200;PT;Portugal;Portugal;PT.webp;2012;2012;21/06/2012;1;0;;;;2 € conm. Portugal 2012 (1);Guimarães Capital Europea de la Cultura;Guimarães European Capital of Culture;2012_PT_(1).webp;;2007_200.webp;Imagen estilizada de Alfonso Enríquez, primer rey de Portugal, junto a su espada y el castillo de Guimarães.;Stylised image of Afonso Henriques, the first King of Portugal, together with his sword and the Castle of Guimarães.;Capital europea de la cultura;;;70%;Rara;2012/06/21
486;1;200;MC;Monaco;Mónaco;MC.webp;2012;2012;30/06/2012;1;0;;;;2 € conm. Mónaco 2012 (1);Soberanía de Mónaco, 500 años;Monaco's Sovereignty, 500 Years;2012_MC_(1).webp;;2007_200.webp;Retrato de perfil de Luciano I Grimaldi, quien obtuvo el reconocimiento de la independencia de Mónaco frente a Francia.;Portrait of Lucien I Grimaldi, in profile, who secured the recognition of Monaco's independence from France.;Soberanía;;;81%;Muy rara;2012/06/30
487;1;200;IT;Italia;Italia;IT.webp;2012;2012;02/07/2012;1;0;;;;2 € conm. Italia 2012 (1);Giovanni Pascoli, 100 años de su muerte;Giovanni Pascoli's 100th Death Anniversary;2012_IT_(1).webp;;2007_200.webp;Retrato de Giovanni Pascoli, poeta de la Romaña.;Portrait of Giovanni Pascoli, a poet from the Romagna region.;Literatura;;;47%;Intermedia;2012/07/02
488;1;200;FR;France;Francia;FR.webp;2012;2012;13/07/2012;1;0;;;;2 € conm. Francia 2012 (1);Abate Pierre, protector de los pobres, 100.º cumpleaños;Abbé Pierre, Protector of the Poor's 100th Birthday;2012_FR_(1).webp;;2007_200.webp;Retrato del abate Pierre con su característico berrete, ligeramente desplazado a la izquierda, y logotipo de la fundación que lleva su nombre a la derecha.;Portrait of Abbé Pierre wearing his well-known beret, positioned slightly off-centre to the left, and the logo of the foundation that bears his name to the right.;Solidaridad;;;65%;Rara;2012/07/13
489;1;200;MT;Malta;Malta;MT.webp;2012;2012;20/08/2012;1;0;;HCM;Historia constitucional de Malta;2 € conm. Malta 2012 (1);Representación Mayoritaria 1887;Majority Representation 1887;2012_MT_(1).webp;;2007_200.webp;Multitud jubilosa con el palacio del Gobernador de La Valeta al fondo.;Jubilant crowd against the background of the Governor’s Palace in Valletta.;Democracia;;;71%;Rara;2012/08/20
490;1;200;FI;Suomi · Finland;Finlandia;FI.webp;2012;2012;05/10/2012;1;0;;;;2 € conm. Finlandia 2012 (1);Helene Schjerfbeck, 150.º cumpleaños;Helene Schjerfbeck's 150th Birthday;2012_FI_(1).webp;;2007_200.webp;Autorretrato estilizado de la artista, figura clave del modernismo.;Stylised self-portrait of the artist, a key figure of modernism.;Pintura;;;61%;Rara;2012/10/05
491;1;200;VA;Città del Vaticano;Ciudad del Vaticano;VA.webp;2012;2012;16/10/2012;1;0;;;;2 € conm. Vaticano 2012 (1);VII Encuentro mundial de las Familias;7th World Meeting of the Families;2012_VA_(1).webp;;2007_200.webp;Una familia con la catedral de Milán, ciudad anfitriona del VII Encuentro Mundial de las Familias, al fondo.;Family with the Cathedral of Milan, the host city of the VII World Meeting of Families, in the background.;Catolicismo;;Encuentro de las familias;81%;Muy rara;2012/10/16
492;1;200;LU;Lëtzebuerg;Luxemburgo;LU.webp;2012;2012;20/12/2012;1;0;;;;2 € conm. Luxemburgo 2012 (2);Boda del gran duque heredero Guillermo y Estefanía de Lannoy;HGD Guillaume & Countess Stéphanie de Lannoy Wedding;2012_LU_(2).webp;;2007_200.webp;Efigie del gran duque Enrique, sobre la que se superponen las del príncipe Guillermo, gran duque heredero, y la condesa Estefanía a la derecha.;Effigy of GD Henri, with Prince Guillaume, Hereditary GD, and Countess Stéphanie superimposed on it to the right.;Familia real;;;70%;Rara;2012/12/20
493;1;200;DE;Deutschland;Alemania;DE.webp;2013;2013;01/02/2013;1;0;;EFA;Estados Federados I;2 € conm. Alemania 2013 (1);Monasterio de Maulbronn. Baden-Württemberg;Maulbronn Monastery. Baden-Württemberg;2013_DE_(1).webp;;2007_200.webp;Monasterio de Maulbronn, que alberga el complejo monástico medieval mejor conservado al norte de los Alpes, y su casa de la fuente en primer plano.;Maulbronn Monastery, home to the most perfectly preserved medieval monastery complex north of the Alps, and the 'Brunnenhaus' in foreground.;Arquitectura;;;42%;Intermedia;2013/02/01
494;1;200;ES;España;España;ES.webp;2013;2013;01/02/2013;1;0;;PHU;Lugares Patrimonio de la Humanidad de España;2 € conm. España 2013 (1);Monasterio y Sitio de El Escorial;San Lorenzo del Escorial Monastery;2013_ES_(1).webp;;2007_200.webp;Vista del monasterio de San Lorenzo del Escorial.;View of the Monastery of San Lorenzo de El Escorial.;Arquitectura;;;56%;Intermedia;2013/02/01
495;1;200;SI;Slovenija;Eslovenia;SI.webp;2013;2013;04/02/2013;1;0;;;;2 € conm. Eslovenia 2013 (1);Visitas a la cueva de Postojna, 800 años;Visits to Postojna Cave, 800 Years;2013_SI_(1).webp;;2007_200.webp;Espiral estilizada que comienza, a la izquierda, con la inscripción del nombre de la cueva y el año, y termina con dos espeleotemas estilizados.;Stylised spiral that starts, on the left, with the inscription of the cave's name and year and ends with two stylised speleothems.;Naturaleza;;;66%;Rara;2013/02/04
496;1;200;NL;Nederlanden;Países Bajos;NL.webp;2013;2013;06/02/2013;1;0;;;;2 € conm. Países Bajos 2013 (1);Reino de los Países Bajos, 200 años;Kingdom of the Netherlands, 200 Years;2013_NL_(1).webp;;2007_200.webp;Cinta continua que comienza en el exterior con la efigie del rey Guillermo Alejandro y prosigue con las efigies de sus seis predecesores: la reina Beatriz, la reina Juliana, la reina Guillermina, el rey Guillermo III, el rey Guillermo II y el rey Guillermo I.;Continuing ribbon that starts from the outside depicting the effigy of King Willem-Alexander and continues to depict the effigies of his six predecessors: Queen Beatrix, Queen Juliana, Queen Wilhelmina, King Willem III, King Willem II and King Willem I.;Modelo de estado;Monarquía;;45%;Intermedia;2013/02/06
497;1;200;IT;Italia;Italia;IT.webp;2013;2013;20/05/2013;1;0;;;;2 € conm. Italia 2013 (1);Giuseppe Verdi, 200.º cumpleaños;Giuseppe Verdi's 200th Birthday;2013_IT_(1).webp;;2007_200.webp;Busto de Giuseppe Verdi en vista de tres cuartos hacia la izquierda.;Bust of Giuseppe Verdi in three quarter view facing left.;Música;Compositor;;50%;Intermedia;2013/05/20
498;1;200;FR;France;Francia;FR.webp;2013;2013;03/06/2013;1;0;;;;2 € conm. Francia 2013 (1);Pierre de Coubertin, 150.º cumpleaños;Pierre de Coubertin's 150th Birthday;2013_FR_(1).webp;;2007_200.webp;Retrato de Pierre de Coubertin, primer presidente del Comité Olímpico Internacional, con los anillos olímpicos estilizados al fondo sirviendo de marco a varias siluetas que simbolizan los deportes olímpicos.;Portrait of Pierre de Coubertin, first president of the International Olympic Committee, with stylised Olympic rings in the background providing the framework for silhouettes symbolising the Olympic sports.;Deportes - JJOO;;;65%;Rara;2013/06/03
499;1;200;VA;Città del Vaticano;Ciudad del Vaticano;VA.webp;2013;2013;03/06/2013;1;0;;;;2 € conm. Vaticano 2013 (1);Sede vacante 2013;Sede Vacante 2013;2013_VA_(1).webp;;2007_200.webp;Escudo de armas del cardenal camarlengo bajo el emblema de la Cámara Apostólica y dos pequeñas cruces.;Coat of arms of the Cardinal Camerlengo under the emblem of the Apostolic Camera and two small crosses.;Catolicismo;Sede vacante;Sede Vacante;80%;Muy rara;2013/06/03
500;1;200;PT;Portugal;Portugal;PT.webp;2013;2013;20/06/2013;1;0;;;;2 € conm. Portugal 2013 (1);Torre de los Clérigos, 250 años;Clérigos Church Tower, 250 Years;2013_PT_(1).webp;;2007_200.webp;Vista en contrapicado de la torre desde la calle, junto al característico perfil de Oporto visto desde la orilla sur del río Duero.;Low-angle view of the tower as seen from the street, alongside the typical Porto skyline from the south bank of the Douro River;Arquitectura;;;70%;Rara;2013/06/20
501;1;200;MT;Malta;Malta;MT.webp;2013;2013;24/06/2013;1;0;;HCM;Historia constitucional de Malta;2 € conm. Malta 2013 (1);Constitución de 1921 y Autogobierno;Self-Government Constitution of 1921;2013_MT_(1).webp;;2007_200.webp;Mapa de las islas maltesas y una representación de la población.;Map of the Maltese islands and a representation of the population.;Constitución;;;70%;Rara;2013/06/24
502;1;200;FI;Suomi · Finland;Finlandia;FI.webp;2013;2013;04/07/2013;1;0;;;;2 € conm. Finlandia 2013 (1);Parlamento de 1863, 150 años;Parliament of 1863, 150 Years;2013_FI_(1).webp;;2007_200.webp;Número 1863 y un brote que nace del 6, simbolizando el inicio de la democracia y el desarrollo de Finlandia.;Number 1863 and a shoot growing out of the 6, symbolising the start of democracy and Finland’s development.;Modelo de estado;Parlamentarismo;;66%;Rara;2013/07/04
503;1;200;SK;Slovensko;Eslovaquia;SK.webp;2013;2013;05/07/2013;1;0;;;;2 € conm. Eslovaquia 2013 (1);Misión de Cirilio y Metodio en Gran Moravia, 1150 años;Cyril & Methodius' Mission to Great Moravia, 1150 Years;2013_SK_(1).webp;;2007_200.webp;Constantino/Cirilo portando un libro, que representa la educación y la fe, y Metodio portando un báculo en forma de cruz doble sobre tres colinas, uniendo los símbolos del estado y el cristianismo, lo que ayudó a asegurar la plena soberanía de la Gran Moravia.;Constantine/Cyril holding a book, representing education and faith, and Methodius holding a doubled cross crozier standing on three hills, bringing together the symbols of statehood and Christianity, which helped ensure the full sovereignty of Great Moravia.;Lengua;Edad media;;66%;Rara;2013/07/05
504;1;200;IT;Italia;Italia;IT.webp;2013;2013;25/07/2013;1;0;;;;2 € conm. Italia 2013 (2);Giovanni Boccaccio, 700.º cumpleaños;Giovanni Boccaccio's 700th Birthday;2013_IT_(2).webp;;2007_200.webp;Efigie de Giovanni Boccaccio en vista de tres cuartos hacia la derecha, basada en el fresco de Andrea del Castagno.;Effigy of Giovanni BOCCACCIO in three quarter view facing right, drawn from the fresco by Andrea del Castagno.;Literatura;;;50%;Intermedia;2013/07/25
505;1;200;MC;Monaco;Mónaco;MC.webp;2013;2013;05/09/2013;1;0;;;;2 € conm. Mónaco 2013 (1);Admisión de Mónaco en la ONU, 20 años;Admission of Monaco to the UN, 20 Years;2013_MC_(1).webp;;2007_200.webp;Paloma con una rama de olivo, símbolo de la paz, sobrevolando una representación del mapamundi.;Dove with an olive branch, symbol of peace, flying over a representation of the world map.;Organismos internacionales;;;64%;Rara;2013/09/05
506;1;200;SM;San Marino;San Marino;SM.webp;2013;2013;13/09/2013;1;0;;;;2 € conm. San Marino 2013 (1);Pinturicchio, 500 años de su muerte;Pinturicchio's 500th Death Anniversary;2013_SM_(1).webp;;2007_200.webp;Detalle de su fresco «Disputa di Gesù con i dottori del Tempio».;Detail of his fresco ‘Disputa di Gesù con i dottori del Tempio’.;Pintura;;;81%;Solo existen versiones de colección;2013/09/13
507;1;200;BE;Belgie · Belgique · Belgien;Bélgica;BE.webp;2013;2013;18/09/2013;1;0;;;;2 € conm. Bélgica 2013 (1);Real Instituto Meteorológico, 100 años;Royal Meteorological Institute, 100 Years;2013_BE_(1).webp;;2007_200.webp;Número 100 con el primer cero rodeando «KMI» e «IRM», siglas para Real Instituto Meteorológico en neerlandés y francés, y el segundo cero representando un sol. A la izquierda del sol se representan isobaras, gotas de lluvia y copos de nieve.;Number 100 with the first zero encircling ‘KMI’ and ‘IRM’, abbreviations for Royal Meteorological Institute in Dutch and French, and the second zero representing a sun. Isobars, raindrops and snowflakes are depicted to the left of the sun.;Ciencia;Meteorología;;61%;Rara;2013/09/18
508;1;200;GR;Ελλάδα;Grecia;GR.webp;2013;2013;01/10/2013;1;0;;;;2 € conm. Grecia 2013 (1);Academia de Platón, 2400 años;Plato's Academy, 2400 Years;2013_GR_(1).webp;;2007_200.webp;Retrato de Platón, de perfil.;Portrait of Plato, in profile.;Ciencia;Filosofía;;68%;Rara;2013/10/01
509;1;200;GR;Ελλάδα;Grecia;GR.webp;2013;2013;01/10/2013;1;0;;;;2 € conm. Grecia 2013 (2);Unión de Creta a Grecia, 100 años;Union of Crete with Greece, 100 Years;2013_GR_(2).webp;;2007_200.webp;Rebeldes cretenses izando la bandera griega, una representación simbólica de la lucha de Creta por la unión con Grecia.;Cretan rebels raising the Greek flag, a symbolic representation of Crete’s struggle for Union with Greece.;Unión de territorios;;;68%;Rara;2013/10/01
510;1;200;VA;Città del Vaticano;Ciudad del Vaticano;VA.webp;2013;2013;15/10/2013;1;0;;;;2 € conm. Vaticano 2013 (2);XXVIII Jornada Mundial de la Juventud, Río de Janeiro;28th World Youth Day, Rio de Janeiro;2013_VA_(2).webp;;2007_200.webp;El Cristo Redentor, el monumento más conocido de Río de Janeiro, y jóvenes alrededor de la estatua.;'Christ of Corcovado', the most known monument of Rio de Janeiro, and some young people around the statue.;Jornada Mundial de la Juventud;;;81%;Muy rara;2013/10/15
511;1;200;FI;Suomi · Finland;Finlandia;FI.webp;2013;2013;04/11/2013;1;0;;;;2 € conm. Finlandia 2013 (2);Frans Eemil Sillanpää, 125.º cumpleaños;Frans Eemil Sillanpää's 125th Birthday;2013_FI_(2).webp;;2007_200.webp;Retrato de Sillanpää, el abuelo de toda una nación y un maestro del estilo que aportó a la literatura finlandesa profundas reflexiones sobre la relación entre el ser humano y la naturaleza.;Portrait of Sillanpää, the grandfather of a whole nation and a master of style who brought deep insights about the relationship between people and nature into Finnish literature.;Literatura;;;63%;Rara;2013/11/04
512;1;200;LU;Lëtzebuerg;Luxemburgo;LU.webp;2013;2013;07/11/2013;1;0;;;;2 € conm. Luxemburgo 2013 (1);Himno nacional de Luxemburgo;Luxembourg National Anthem;2013_LU_(1).webp;;2007_200.webp;Efigie del gran duque Enrique a la derecha y, a la izquierda, la partitura y el texto del himno nacional.;Effigy of GD Henri on the right and, on the left, the musical notation as well as the text of the national anthem.;Símbolos nacionales;Himno;;68%;Rara;2013/11/07
513;1;200;NL;Nederlanden;Países Bajos;NL.webp;2013;2013;25/11/2013;1;0;;;;2 € conm. Países Bajos 2013 (2);Abdicación de la reina Beatriz;Queen Beatrix Abdication;2013_NL_(2).webp;;2007_200.webp;Efigie de la reina Beatriz superpuesta a la de Guillermo Alejandro, príncipe de Orange, ambos mirando a la izquierda.;Effigy of Queen Beatrix superimposed on that of the Willem-Alexander, Prince of Orange, both facing left.;Familia real;;;57%;Intermedia;2013/11/25
514;1;200;LU;Lëtzebuerg;Luxemburgo;LU.webp;2014;2014;06/02/2014;1;0;;;;2 € conm. Luxemburgo 2014 (1);Independencia de Luxemburgo, 175 años;Independence of Luxembourg, 175 Years;2014_LU_(1).webp;;2007_200.webp;Efigie del gran duque Enrique a la derecha, una inscripción vertical con los años y el nombre del país a la izquierda y «Onofhängegkeet 175 Joër» (Independencia 175 años) inscrito en la parte inferior.;Effigy of GD Henri on the right, a vertical inscription of the years and country name on the left and the inscription 'Onofhängegkeet 175 Joër' (Independence 175 years) on the lower part.;Soberanía;;;70%;Rara;2014/02/06
515;1;200;DE;Deutschland;Alemania;DE.webp;2014;2014;07/02/2014;1;0;;EFA;Estados Federados I;2 € conm. Alemania 2014 (1);Iglesia de San Miguel. Niedersachsen;Church of St. Michael. Niedersachsen;2014_DE_(1).webp;;2007_200.webp;Iglesia de San Miguel en Hildesheim.;Church of St. Michael in Hildesheim.;Arquitectura;;;42%;Intermedia;2014/02/07
516;1;200;ES;España;España;ES.webp;2014;2014;17/03/2014;1;0;;PHU;Lugares Patrimonio de la Humanidad de España;2 € conm. España 2014 (1);Parque Güell, obras de Antoni Gaudí;Park Güell, Gaudí;2014_ES_(1).webp;;2007_200.webp;Escultura del lagarto, emblema del Park Güell, en primer plano y detalle de uno de los pabellones de la entrada del parque diseñados por el arquitecto Antoni Gaudí.;Lizard sculpture, emblem of the Park Güell, in the foreground and detail of one of the pavilions at the entrance of the park designed the architect Antoni Gaudí.;Arquitectura;;;56%;Intermedia;2014/03/17
517;1;200;IT;Italia;Italia;IT.webp;2014;2014;25/03/2014;1;0;;;;2 € conm. Italia 2014 (1);Fundación de los Carabinieri, 200 años;Foundation of Arma dei Carabinieri, 200 Years;2014_IT_(1).webp;;2007_200.webp;Interpretación de la escultura «Pattuglia di Carabinieri nella tormenta» realizada en 1973 por Antonio Berti.;Interpretation of the sculpture ‘Pattuglia di Carabinieri nella tormenta’ made in 1973 by Antonio Berti.;Cuerpos uniformados;;;53%;Intermedia;2014/03/25
518;1;200;SK;Slovensko;Eslovaquia;SK.webp;2014;2014;01/04/2014;1;0;;;;2 € conm. Eslovaquia 2014 (1);Adhesión de Eslovaquia a la Unión Europea, 10 años;Slovakia's European Union Membership, 10 Years;2014_SK_(1).webp;;2007_200.webp;Letras estilizadas «EÚ» con el escudo de armas de la República Eslovaca integrado en primer plano.;Stylised letters 'EÚ' with the coat of arms of the Slovak Republic incorporated in the foreground.;Unión Europea;;;66%;Rara;2014/04/01
519;1;200;PT;Portugal;Portugal;PT.webp;2014;2014;23/04/2014;1;0;;;;2 € conm. Portugal 2014 (1);Revolución del 25 de abril, 40 años;25th April Revolution, 40 Years;2014_PT_(1).webp;;2007_200.webp;Dos curvas representando un clavel, flor que dio nombre a la revolución, el escudo de armas en el centro y la fecha sobreimpuesta.;Two curves forming a carnation, the flower that gave its name to the revolution, with the coat of arms at the centre and the date superimposed.;Lucha por la libertad;;Revolución del 25 de abril;70%;Rara;2014/04/23
520;1;200;BE;Belgie · Belgique · Belgien;Bélgica;BE.webp;2014;2014;12/05/2014;1;0;;;;2 € conm. Bélgica 2014 (1);Primera Guerra Mundial, 100 años;The Great War Centenary;2014_BE_(1).webp;;2007_200.webp;Amapola sobre los años 2014-18 y la inscripción «The Great War Centenary».;Poppy above the years 2014-18 and the inscription ‘The Great War Centenary’.;Guerras y paz;;;62%;Rara;2014/05/12
521;1;200;NL;Nederlanden;Países Bajos;NL.webp;2014;2014;21/05/2014;1;0;;;;2 € conm. Países Bajos 2014 (1);Despedida oficial de la reina Beatriz;Official Farewell to Queen Beatrix;2014_NL_(1).webp;;2007_200.webp;Efigie del rey Guillermo Alejandro superpuesta a la de la reina Beatriz, ambos mirando a la derecha.;Effigy of King Willem-Alexander superimposed on that of Queen Beatrix, both facing right.;Familia real;;;54%;Intermedia;2014/05/21
522;1;200;FR;France;Francia;FR.webp;2014;2014;13/06/2014;1;0;;;;2 € conm. Francia 2014 (1);Desembarco de Normandía, Día D, 70 años;Normandy landings, D-Day, 70 Years;2014_FR_(1).webp;;2007_200.webp;«D-DAY», escrito de forma de una barcaza de desembarco y el cañón de un tanque, sobre las huellas de las botas de las tropas estadounidenses, británicas y canadienses, que desaparecen gradualmente en la arena borradas por una ola.;'D-DAY', written in such a way as to depict a landing craft and a tank gun barrel, above the footprints left by the boots worn by American, British and Canadian troops, gradually disappearing in the sand and washed away by a wave.;Guerras y paz;;;58%;Intermedia;2014/06/13
523;1;200;FI;Suomi · Finland;Finlandia;FI.webp;2014;2014;16/06/2014;1;0;;;;2 € conm. Finlandia 2014 (1);Tove Jansson, 100.º cumpleaños;Tove Jansson's 100th Birthday;2014_FI_(1).webp;;2007_200.webp;Retrato estilizado de Tove Jansson sobre su firma y años.;Stylised portrait of Tove Jansson above her signature and years.;Literatura;;;63%;Rara;2014/06/16
524;1;200;IT;Italia;Italia;IT.webp;2014;2014;17/06/2014;1;0;;;;2 € conm. Italia 2014 (2);Galileo Galilei, 450.º cumpleaños;Galileo Galilei's 450th Birthday;2014_IT_(2).webp;;2007_200.webp;Efigie de Galileo Galilei basada en la pintura de Justus Sustermans junto a un telescopio astronómico.;Effigy of Galileo Galilei from the painting of Justus Sustermans next to an astronomic telescope.;Ciencia;Astronomía;;53%;Intermedia;2014/06/17
525;1;200;SM;San Marino;San Marino;SM.webp;2014;2014;23/06/2014;1;0;;;;2 € conm. San Marino 2014 (1);Bramante Lazzari delle Penne, 500 años de su muerte;Bramante Lazzari delle Penne's 500th Death Anniversary;2014_SM_(1).webp;;2007_200.webp;Retrato de Bramante sobrepuesto a una parte del Templete, un pequeño monumento conmemorativo construido por él.;Portrait of Bramante superimposed on part of Tempietto, a small commerative tomb built by him.;Arquitectura;;;81%;Solo existen versiones de colección;2014/06/23
526;1;200;MT;Malta;Malta;MT.webp;2014;2014;16/07/2014;1;0;;;;2 € conm. Malta 2014 (1);Policía de Malta, 200 años;Malta Police Force, 200 Years;2014_MT_(1).webp;;2007_200.webp;Insignia de la Policía de Malta.;Badge of the Malta Police Force.;Cuerpos uniformados;;;74%;Rara;2014/07/16
527;1;200;LV;Latvija;Letonia;LV.webp;2014;2014;12/08/2014;1;0;;;;2 € conm. Letonia 2014 (1);Riga Capital Europea de la Cultura;Riga European Capital of Culture;2014_LV_(1).webp;;2007_200.webp;Perfil de Riga y el centro histórico de la ciudad.;Skyline of Riga and the historic centre of the city.;Capital europea de la cultura;;;66%;Rara;2014/08/12
528;1;200;BE;Belgie · Belgique · Belgien;Bélgica;BE.webp;2014;2014;18/09/2014;1;0;;;;2 € conm. Bélgica 2014 (2);Cruz Roja Belga, 150 años;Belgian Red Cross, 150 Years;2014_BE_(2).webp;;2007_200.webp;Cruz con el número «150» en su centro cuyas barras vertical y horizontal contienen las palabras «Rode Kruis» y «Croix-Rouge» respectivamente.;Cross with the number ‘150’ in its centre with the words ‘Rode Kruis’ and ‘Croix-Rouge’ on its vertical and horizontal bars respectively.;Solidaridad;;Cruz Roja;74%;Rara;2014/09/18
529;1;200;GR;Ελλάδα;Grecia;GR.webp;2014;2014;24/09/2014;1;0;;;;2 € conm. Grecia 2014 (1);El Greco, Domenikos Theotokopoulos, 400 años de su muerte;Domenikos Theotokopoulos's 400th Death Anniversary;2014_GR_(1).webp;;2007_200.webp;Retrato de Domenikos Theotokopoulos, el Greco, sobrepuesto a un detalle de su obra «El apóstol san Pablo», ilustrativo de su técnica, y su característica firma a la izquierda.;Portrait of Domenikos Theotokopoulos superimposed on a detail of his painting 'Apostle Saint Paul', illustrative of his technique, and his characteristic signature on the left.;Pintura;;;68%;Rara;2014/09/24
530;1;200;GR;Ελλάδα;Grecia;GR.webp;2014;2014;24/09/2014;1;0;;;;2 € conm. Grecia 2014 (2);Unión de las Islas Jónicas a Grecia, 150 años;Union of Ionian Islands with Greece, 150 Years;2014_GR_(2).webp;;2007_200.webp;Cruz de siete puntas con el motivo conmemorativo inscrito en el centro, símbolos de las Islas Jónicas en los espacios exteriores y todo ello rodeado por una cenefa de olas.;Seven-pointed cross with the commemorative inscription in the centre, symbols of the Ionian Islands in the outer spaces and all of it surrounded by a decorative border of waves.;Unión de territorios;;;68%;Rara;2014/09/24
531;1;200;SM;San Marino;San Marino;SM.webp;2014;2014;29/09/2014;1;0;;;;2 € conm. San Marino 2014 (2);Giacomo Puccini, 90 años de su muerte;Giacomo Puccini's 90th Death Anniversary;2014_SM_(2).webp;;2007_200.webp;Retrato del compositor Giacomo Puccini.;Portrait of the composer Giacomo Puccini.;Música;Compositor;;82%;Solo existen versiones de colección;2014/09/29
532;1;200;VA;Città del Vaticano;Ciudad del Vaticano;VA.webp;2014;2014;14/10/2014;1;0;;;;2 € conm. Vaticano 2014 (1);Caída del Muro de Berlín, 25 años;Fall of the Berlin Wall, 25 Years;2014_VA_(1).webp;;2007_200.webp;Ladrillos del Muro de Berlín parcialmente derruido en primer plano con trozos de alambre de espino, una rama de olivo en el centro y la Puerta de Brandeburgo al fondo.;Bricks of the partially collapsed Berlin Wall in the foreground with pieces of barbed wire, an olive branch in the centre, and the Brandenburg Gate in the background.;Unión de territorios;Brandeburgo;;81%;Muy rara;2014/10/14
533;1;200;MT;Malta;Malta;MT.webp;2014;2014;29/10/2014;1;0;;HCM;Historia constitucional de Malta;2 € conm. Malta 2014 (2);Independencia de Malta en 1964, 50 años;Malta's Independence 1964, 150 Years;2014_MT_(2).webp;;2007_200.webp;Detalle del monumento de bronce conmemorativo de la Independencia, diseñado por Gianni Bonnici en 1989, que muestra a una mujer joven, en representación de Malta, portando la bandera maltesa.;Detail of the bronze monument commemorating Independence, designed by Gianni Bonnici in 1989, showinf a young woman, representing Malta, carrying the Maltese flag.;Soberanía;;;71%;Rara;2014/10/29
534;1;200;PT;Portugal;Portugal;PT.webp;2014;2014;31/10/2014;1;0;;;;2 € conm. Portugal 2014 (2);Año Internacional de la Agricultura Familiar;International Year of Family Farming;2014_PT_(2).webp;;2007_200.webp;erramientas utilizadas habitualmente en la agricultura tradicional, junto con productos agrícolas: una gallina, calabazas, una cesta de patatas y otras hortalizas y flores.;Tools typically used in the traditional agriculture, together with farming products: a chicken, pumpkins, a basket of potatoes, and other vegetables and flowers.;Ecología;;;70%;Rara;2014/10/31
535;1;200;LU;Lëtzebuerg;Luxemburgo;LU.webp;2014;2014;03/11/2014;1;0;;;;2 € conm. Luxemburgo 2014 (2);Ascensión al trono del gran duque Juan, 50 años;Grand Duke Jean Accession, 50 Years;2014_LU_(2).webp;;2007_200.webp;Efigie del gran duque Enrique sobreimpuesta a la del gran duque Juan y corona sobre ellos.;Effigy of GD Henri superimposed on that of GD Jean and a crown above them.;Coronación;;;70%;Rara;2014/11/03
536;1;200;FI;Suomi · Finland;Finlandia;FI.webp;2014;2014;10/11/2014;1;0;;;;2 € conm. Finlandia 2014 (2);Ilmari Tapiovaara, 100.º cumpleaños;Ilmari Tapiovaara's 100th Birthday;2014_FI_(2).webp;;2007_200.webp;Inscripción del nombre y los años de Ilmari Tapiovaara y un primer plano de su forma característica de ensamblar los muebles.;Incription of Ilmari Tapiovaara's name and years and a close-up of his characeteristic furniture fitting.;Arquitectura;Diseño de muebles e interiores;;66%;Rara;2014/11/10
537;1;200;SI;Slovenija;Eslovenia;SI.webp;2014;2014;17/11/2014;1;0;;;;2 € conm. Eslovenia 2014 (1);Coronación de la reina Bárbara Celjska, 600 años;Crowning of Queen Barbara Celjska, 600 Years;2014_SI_(1).webp;;2007_200.webp;Retrato de la reina Bárbara de Celje con su cetro realizado con un patrón de líneas y las tres típicas estrellas de seis puntas de los condes de Celje.;Portrait of the Queen Barbara of Celje with her sceptre with a lined pattern and three typical six-pointed stars of Celje counts.;Coronación;;;66%;Rara;2014/11/17
538;1;200;FR;France;Francia;FR.webp;2014;2014;24/11/2014;1;0;;;;2 € conm. Francia 2014 (2);Día Mundial contra el SIDA;World AIDS Day;2014_FR_(2).webp;;2007_200.webp;Tres cintas: la central es roja, simbolizando la lucha contra el sida, y las laterales están invertidas formando una «V» de victoria sobre la enfermedad;Three ribbons: the cetral one is red, symbolising the fight against AIDS, and the side ones are upside down showing a 'V' of victory over the disease.;Medicina;;;58%;Intermedia;2014/11/24
539;1;200;ES;España;España;ES.webp;2014;2014;10/12/2014;1;0;;;;2 € conm. España 2014 (2);Cambio de rey, proclamación de Felipe VI;Change of the Head of State, Felipe VI Accession;2014_ES_(2).webp;;2007_200.webp;Efigie del rey Felipe VI sobreimpuesta a la del rey Juan Carlos I.;Effigy of King Felipe VI superimposed on that of King Juan Carlos I.;Coronación;;;51%;Intermedia;2014/12/10
540;1;200;AD;Andorra;Andorra;AD.webp;2014;2014;29/02/2016;1;0;;;;2 € conm. Andorra 2014 (1);Ingreso en el Consejo de Europa, 20 años;Membership in the Council of Europe, 20 Years;2014_AD_(1).webp;;2007_200.webp;Escudo de armas de Andorra seguido de la inscripción «20», donde el cero está estilizado para representar la bandera del Consejo de Europa, todo ello bajo la inscripción «Andorra al Consell d'Europa».;Andorra's coat of armsfollowed by the inscription '20', where the zero is stylised to represent the Council of Europe's flag, all under the inscription 'Andorra al Consell d'Europa'.;Organismos internacionales;;;81%;Solo existen versiones de colección;2016/02/29
541;1;200;DE;Deutschland;Alemania;DE.webp;2015;2015;30/01/2015;1;0;;EFA;Estados Federados I;2 € conm. Alemania 2015 (1);Iglesia de San Pablo. Hessen;St. Paul's Church. Hessen;2015_DE_(1).webp;;2007_200.webp;Iglesia de san Pablo de Fráncfort, sede del primer órgano legislativo de Alemania elegido libremente en 1849 y considerada la cuna de la democracia alemana.;Paulskirche in Frankfurt, seat of Germany’s first freely elected legislative body in 1849 and regarded as the cradle of German democracy.;Arquitectura;;;42%;Intermedia;2015/01/30
542;1;200;DE;Deutschland;Alemania;DE.webp;2015;2015;30/01/2015;1;0;;;;2 € conm. Alemania 2015 (2);Reunificación de Alemania, 25 años;German Unity, 25 Years;2015_DE_(2).webp;;2007_200.webp;Personas en primer plano, que encarnan un nuevo comienzo y el avance hacia un mejor futuro, situadas frente a la Puerta de Brandeburgo, símbolo de la unidad alemana.;People in the foreground, who embody a new beginning and the advance towards a better future, standing in front of the Brandenburg Gate, symbol of German unity.;Unión de territorios;Brandeburgo;Reunificación alemana;42%;Intermedia;2015/01/30
543;1;200;ES;España;España;ES.webp;2015;2015;02/02/2015;1;0;;PHU;Lugares Patrimonio de la Humanidad de España;2 € conm. España 2015 (1);Cueva de Altamira;Cave of Altamira;2015_ES_(1).webp;;2007_200.webp;Pintura de un bisonte de la cueva de Altamira, situada en Cantabria.;Bison painting from the Cave of Altamira, located in Cantabria.;Arqueología;;;56%;Intermedia;2015/02/02
544;1;200;FR;France;Francia;FR.webp;2015;2015;02/02/2015;1;0;;;;2 € conm. Francia 2015 (1);Europa construyendo paz y seguridad desde 1945;Europe Building Peace and Security Since 1945;2015_FR_(1).webp;;2007_200.webp;Paloma que porta una rama de olivo, símbolo de la paz, cuyas ramas han sido sustituidas por las 12 estrellas de la bandera europea, y un cielo lleno de los códigos ISO de los 28 países de la UE.;Dove carrying an olive branch, the symbol of peace, whose branches have been replaced by the 12 stars of the European flag, and a sky full of the ISO codes of the 28 countries of the EU.;Guerras y paz;;;56%;Intermedia;2015/02/02
545;1;200;LV;Latvija;Letonia;LV.webp;2015;2015;10/02/2015;1;0;;;;2 € conm. Letonia 2015 (1);Presidencia del Consejo de la UE;Council of the EU Presidency;2015_LV_(1).webp;;2007_200.webp;;;Presidencia del Consejo de la UE;;;65%;Rara;2015/02/10
546;1;200;FI;Suomi · Finland;Finlandia;FI.webp;2015;2015;18/02/2015;1;0;;;;2 € conm. Finlandia 2015 (1);Jean Sibelius, 150.º cumpleaños;Jean Sibelius' 150th Birthday;2015_FI_(1).webp;;2007_200.webp;;;Música;Compositor;;66%;Rara;2015/02/18
547;1;200;SM;San Marino;San Marino;SM.webp;2015;2015;08/04/2015;1;0;;;;2 € conm. San Marino 2015 (1);Dante Alighieri, 750.º cumpleaños;Dante Alighieri's 750th Birthday;2015_SM_(1).webp;;2007_200.webp;Retrato de Dante, tomado de un fresco de Botticelli, y a la derecha, la inscripción «DANTE» en vertical.;Portrait of Dante, taken from a fresco by Botticelli, and to the right, the inscription ‘DANTE’ on a vertical axis.;Literatura;;Dante Alighieri;81%;Solo existen versiones de colección;2015/04/08
548;1;200;PT;Portugal;Portugal;PT.webp;2015;2015;15/04/2015;1;0;;;;2 € conm. Portugal 2015 (1);Cruz Roja Portuguesa, 150 años;Portuguese Red Cross, 150 Years;2015_PT_(1).webp;;2007_200.webp;Varias reproducciones de la cruz de la organización, que representan la expansión de la acción humanitaria en todo el mundo, junto al contorno de una mano que simboliza los diferentes tipos de ayuda que prestan: médica, de cooperación, de construcción y de apoyo.;Several replications of the cross of the organisation, representing the expansion of the humanitarian action worldwide, next to the contour of a hand symbolising the different kinds of help they provide: medical, cooperating, constructing and supporting.;Solidaridad;;Cruz Roja;70%;Rara;2015/04/15
549;1;200;IT;Italia;Italia;IT.webp;2015;2015;27/04/2015;1;0;;;;2 € conm. Italia 2015 (1);Expo Milán 2015: Nutrir el planeta;Expo Milan 2015: Feeding the Planet;2015_IT_(1).webp;;2007_200.webp;Semicírculo que representa al globo terráqueo, una semilla alimentada por el agua espera para brotar, una vid, una rama de olivo y una espiga crecen del tronco de un árbol, una composición que simboliza la fertilidad de la Tierra.;Semicircle representing the globe, a seed fed by the water waits to sprout, a vine, an olive twig and an ear grow from a tree trunk, a composition symbolising the fertility of Earth.;Ecología;;;57%;Intermedia;2015/04/27
550;1;200;MT;Malta;Malta;MT.webp;2015;2015;22/05/2015;1;0;;;;2 € conm. Malta 2015 (1);Primer vuelo desde Malta, 100 años;First flight from Malta, 100 Years;2015_MT_(1).webp;;2007_200.webp;Hidroavión del capitán Kilmer con la Guardiola de la punta de Senglea, un elemento destacado del Gran Puerto, al fondo.;Captain Kilmer’s seaplane with the Gardjola of Senglea Point, a prominent feature in the Grand Harbour, in the background.;Exploraciones;;;73%;Rara;2015/05/22
551;1;200;LU;Lëtzebuerg;Luxemburgo;LU.webp;2015;2015;11/06/2015;1;0;;;;2 € conm. Luxemburgo 2015 (1);Ascensión al trono del gran duque Enrique, 15 años;Grand Duke Henri's Accession, 15 Years;2015_LU_(1).webp;;2007_200.webp;Efigies del gran duque Enrique y su esposa, la gran duquesa María Teresa.;Effigies of GD Henri and his wife, GD María Teresa.;Coronación;;;70%;Rara;2015/06/11
552;1;200;IT;Italia;Italia;IT.webp;2015;2015;26/06/2015;1;0;;;;2 € conm. Italia 2015 (2);Dante Alighieri, 750.º cumpleaños;Dante Alighieri's 750th Birthday;2015_IT_(2).webp;;2007_200.webp;Dante con un libro abierto en su mano izquierda y el monte del Purgatorio al fondo, detalle de la ilustración de la «Divina comedia» pintada por Domenico di Michelino.;Dante with an open book in his left hand and the Purgatory mountain at the back, detail from the illustration of the 'Divine Comedy' painted by Domenico di Michelino.;Literatura;;Dante Alighieri;57%;Intermedia;2015/06/26
553;1;200;PT;Portugal;Portugal;PT.webp;2015;2015;15/07/2015;1;0;;;;2 € conm. Portugal 2015 (2);Primer contacto con Timor, 500 años;First contact with Timor, 500 Years;2015_PT_(2).webp;;2007_200.webp;Nave del siglo XVI, que representa la llegada de los navegantes portugueses a la isla, y una casa local con techo de paja, que incluye las típicas esculturas de madera, memorias permanentes de mitos y leyendas.;XVI Century ship, representing the arrival of the Portuguese navigators to the island, and a local house thatched roof top, including the typical wood sculptures, permanent memories of myths and legends.;Exploraciones;;;70%;Rara;2015/07/15
554;1;200;FR;France;Francia;FR.webp;2015;2015;24/07/2015;1;0;;;;2 € conm. Francia 2015 (2);Fiesta de la Federación, 225 años;Festival of the Federation, 225 Years;2015_FR_(2).webp;;2007_200.webp;Marianne, símbolo de la República, de perfil con un estilo gráfico y contemporáneo, llevando el gorro frigio, la escarapela tricolor a su derecha y una estrofa del poema «Liberté» de Paul Éluard, una alusión al lema de la República Francesa.;Marianne, symbol of the Republic, in profile in a graphic and contemporary style, wearing the Phrygian cap, with the tricolour cockade to the right and, to the left, a stanza from the poem ‘Liberté’ by Paul Éluard, an allusion to the motto of the French Republic.;Modelo de estado;;;56%;Intermedia;2015/07/24
555;1;200;BE;Belgie · Belgique · Belgien;Bélgica;BE.webp;2015;2015;17/09/2015;1;0;;;;2 € conm. Bélgica 2015 (1);Año Europeo del Desarrollo;European Year for Development;2015_BE_(1).webp;;2007_200.webp;Mano sosteniendo un globo terráqueo con una planta delante.;Hand holding a globe of the Earth with a plant in the foreground.;Solidaridad;;;75%;Solo existen versiones de colección;2015/09/17
556;1;200;SM;San Marino;San Marino;SM.webp;2015;2015;29/09/2015;1;0;;;;2 € conm. San Marino 2015 (2);Reunificación de Alemania, 25 años;German Unity, 25 Years;2015_SM_(2).webp;;2007_200.webp;Puerta de Brandeburgo, que durante la Guerra Fría estaba situada en Berlín Este, en dos representaciones que se entrelazan como dos manos, simbolizando la reunificación de las dos partes de Berlín.;Brandenburg Gate, which during the Cold War was located in East Berlin, in two representations which are intertwined like two hands, symbolizing the reunification of the two parts of Berlin.;Unión de territorios;Brandeburgo;Reunificación alemana;81%;Solo existen versiones de colección;2015/09/29
557;1;200;MT;Malta;Malta;MT.webp;2015;2015;02/10/2015;1;0;;HCM;Historia constitucional de Malta;2 € conm. Malta 2015 (2);República de Malta 1974;Republic of Malta 1974;2015_MT_(2).webp;;2007_200.webp;Placa de mármol fijada en la fachada del Palacio Presidencial de La Valeta para conmemorar el cambio de Malta de una monarquía a una república.;Marble tablet affixed to the façade of the Presidential Palace in Valletta to mark Malta’s change from a monarchy to a republic.;Modelo de estado;República;;71%;Rara;2015/10/02
558;1;200;VA;Città del Vaticano;Ciudad del Vaticano;VA.webp;2015;2015;06/10/2015;1;0;;;;2 € conm. Vaticano 2015 (1);VIII Encuentro Mundial de las Familias;8th World Meeting of the Families;2015_VA_(1).webp;;2007_200.webp;Dos familias abrazando a la Tierra.;Two families embracing the whole Earth.;Catolicismo;;Encuentro de las familias;80%;Muy rara;2015/10/06
559;1;200;LU;Lëtzebuerg;Luxemburgo;LU.webp;2015;2015;15/10/2015;1;0;;;;2 € conm. Luxemburgo 2015 (2);Dinastía Nassau-Weilburg, 125 años;House of Nassau-Weilburg, 125 Years;2015_LU_(2).webp;;2007_200.webp;Efigie del gran duque Enrique a la izquierda y, a la derecha, en disposición circular y por orden cronológico de su ascenso al trono, los retratos de los grandes duques Adolfo, Guillermo IV, María Adelaida, Carlota y Juan.;Effigy of GD Henri on the left and, on the right, in a circular arrangement and in chronological order of their accession to the throne, the portraits of GD Adolphe, GD Guillaume IV, GD Marie-Adélaïde, GD Charlotte and Grand Duke Jean.;Familia real;;;70%;Rara;2015/10/15
560;1;200;FI;Suomi · Finland;Finlandia;FI.webp;2015;2015;22/10/2015;1;0;;;;2 € conm. Finlandia 2015 (2);Akseli Gallen-Kallela, 150.º cumpleaños;Akseli Gallen-Kallela's 150th Birthday;2015_FI_(2).webp;;2007_200.webp;Cisne de Tuonela nadando en aguas que se agitan ante el espíritu que desciende, representación de su estilo pictórico inspirado en el Kalevala.;Swan of Tuonela swimming in water waving from the descending spirit, representation of his pictorial style inspired by the Kalevala.;Pintura;Animales;;70%;Rara;2015/10/22
561;1;200;SK;Slovensko;Eslovaquia;SK.webp;2015;2015;23/10/2015;1;0;;;;2 € conm. Eslovaquia 2015 (1);Ľudovít Štúr, 200.º cumpleaños;Ľudovít Štúr's 200th Birthday;2015_SK_(1).webp;;2007_200.webp;Retrato de Ľudovít Štúr, figura principal del renacimiento nacional eslovaco y codificador de la lengua literaria eslovaca basada en el dialecto eslovaco central.;Portrait of Ľudovít Štúr, a leading figure in the Slovak national revival and the codifier of the Slovak literary language based on the Central Slovak dialect.;Lengua;;;66%;Rara;2015/10/23
562;1;200;SI;Slovenija;Eslovenia;SI.webp;2015;2015;09/11/2015;1;0;;;;2 € conm. Eslovenia 2015 (1);Fundación de Emona, actual Luibliana, 2000 años;Founding of Emona, now Ljubljana, 2000 Years;2015_SI_(1).webp;;2007_200.webp;Composición de letras que forman la palabra «EMONA» sobre un diseño estilizado de la ciudad.;Composition of letters that form the word 'EMONA' on a stylised design of the city.;Historia antigua;;;66%;Rara;2015/11/09
563;1;200;MC;Monaco;Mónaco;MC.webp;2015;2015;14/11/2015;1;0;;;;2 € conm. Mónaco 2015 (1);Primera fortaleza sobre la Roca, 800 años;First Castle on the Rock, 800 Years;2015_MC_(1).webp;;2007_200.webp;Torre en la cima de la Roca, presentando un paisaje completo con el mar y las rocas de la orilla en primer plano, y las montañas de fondo.;Tower on the top of the Rock, featuring a complete landscape with the sea and the coastal rocks in the foreground, and the mountains in the background.;Arquitectura;;;98%;Solo existen versiones de colección;2015/11/14
564;1;200;LV;Latvija;Letonia;LV.webp;2015;2015;01/12/2015;1;0;;;;2 € conm. Letonia 2015 (2);Cigüeña negra, naturaleza en peligro de extinción;Black Stork, endangered nature;2015_LV_(2).webp;;2007_200.webp;Cigüeña negra, una de las especies emblemáticas de la conservación de la naturaleza en Europa.;Black stork, one of the nature conservation flagship species in Europe.;Animales;;;65%;Rara;2015/12/01
565;1;200;LT;Lietuva;Lituania;LT.webp;2015;2015;14/12/2015;1;0;;;;2 € conm. Lituania 2015 (1);"Idioma lituano, ""Gracias""";"Lithuanian language, ""Thank you""";2015_LT_(1).webp;;2007_200.webp;«AČIŪ» (gracias), en una fuente lituana original creada especialmente para el centenario de la restauración de la prensa lituana, sobre una nube de todas las letras del idioma lituano.;'AČIŪ' (thank you) in an original Lithuanian font, created specially for the centenary of the restoration of Lithuanian press, sumperimposed on a cloud of all the letters used in the Lithuanian language.;Lengua;;;66%;Rara;2015/12/14
566;1;200;GR;Ελλάδα;Grecia;GR.webp;2015;2015;23/12/2015;1;0;;;;2 € conm. Grecia 2015 (1);Spiridon Louis, 75 años de su muerte;Spiridon Louis's 75th Death Anniversary;2015_GR_(1).webp;;2007_200.webp;Spiridon Louis y la copa que le fue concedida, con el Estadio Panatenaico de fondo.;Spyros Louis and the cup that he was awarded, with the Panathenaic Stadium in the background.;Deportes;;;68%;Rara;2015/12/23
567;1;200;AD;Andorra;Andorra;AD.webp;2015;2015;18/07/2016;1;0;;;;2 € conm. Andorra 2015 (1);Mayoría de edad a los 18 años, 30 años;Age of Majority at 18 Years, 30 Years;2015_AD_(1).webp;;2007_200.webp;Reproducción parcial de una persona joven introduciendo la papeleta en la urna.;Partial reproduction of a young person casting a vote.;Derechos sociales;;;83%;Solo existen versiones de colección;2016/07/18
568;1;200;AD;Andorra;Andorra;AD.webp;2015;2015;18/07/2016;1;0;;;;2 € conm. Andorra 2015 (2);Acuerdo de Aduanas con la UE, 25 años;Customs Agreement with EU, 25 Years;2015_AD_(2).webp;;2007_200.webp;Mapa de Andorra, con el escudo de armas del Principado en su interior, sobre dos flechas opuestas entrelazadas que simbolizan el acuerdo aduanero.;Map of Andorra, with the coat of arms of the Principality highlighted inside it, over two interlaced opposing arrows, symbolising the Customs Agreement.;Pactos internacionales;;;83%;Solo existen versiones de colección;2016/07/18
569;1;200;EE;Eesti;Estonia;EE.webp;2016;2016;07/01/2016;1;0;;;;2 € conm. Estonia 2016 (1);Paul Keres, 100.º cumpleaños;Paul Keres' 100th Birthday;2016_EE_(1).webp;;2007_200.webp;;;Deportes;;;70%;Rara;2016/01/07
570;1;200;AT;Österreich;Austria;AT.webp;2016;2016;18/01/2016;1;0;;;;2 € conm. Austria 2016 (1);Banco Nacional de Austria, 200 años;Austrian National Bank, 200 Years;2016_AT_(1).webp;;2007_200.webp;;;Bancos nacionales;;;46%;Intermedia;2016/01/18
571;1;200;IE;Éire;Irlanda;IE.webp;2016;2016;01/02/2016;1;0;;;;2 € conm. Irlanda 2016 (1);Estatua de Hibernia, Alzamiento de Pascua, 100 años;Statue of Hibernia, Easter Rising, 100 Years;2016_IE_(1).webp;;2007_200.webp;;;Guerras y paz;;;55%;Intermedia;2016/02/01
572;1;200;DE;Deutschland;Alemania;DE.webp;2016;2016;05/02/2016;1;0;;EFA;Estados Federados I;2 € conm. Alemania 2016 (1);Puerta de la Corona en el Zwinger. Sachsen;Crown Gate, Zwinger. Sachsen;2016_DE_(1).webp;;2007_200.webp;;;Arquitectura;;;42%;Intermedia;2016/02/05
573;1;200;FR;France;Francia;FR.webp;2016;2016;08/02/2016;1;0;;;;2 € conm. Francia 2016 (1);Eurocopa de fútbol 2016;UEFA Euro Cup 2016;2016_FR_(1).webp;;2007_200.webp;;;Deportes;;;50%;Intermedia;2016/02/08
574;1;200;ES;España;España;ES.webp;2016;2016;29/02/2016;1;0;;PHU;Lugares Patrimonio de la Humanidad de España;2 € conm. España 2016 (1);Ciudad vieja y acueducto de Segovia;Old Town of Segovia & its Aqueduct;2016_ES_(1).webp;;2007_200.webp;;;Arquitectura;;;57%;Intermedia;2016/02/29
575;1;200;SK;Slovensko;Eslovaquia;SK.webp;2016;2016;07/03/2016;1;0;;;;2 € conm. Eslovaquia 2016 (1);Presidencia del Consejo de la UE;Council of the EU Presidency;2016_SK_(1).webp;;2007_200.webp;;;Presidencia del Consejo de la UE;;;66%;Rara;2016/03/07
576;1;200;BE;Belgie · Belgique · Belgien;Bélgica;BE.webp;2016;2016;24/03/2016;1;0;;;;2 € conm. Bélgica 2016 (1);Equipo belga en los JJOO de Río 2016;Belgian Team at the Rio 2016 Olympic Games;2016_BE_(1).webp;;2007_200.webp;;;Deportes - JJOO;;;77%;Solo existen versiones de colección;2016/03/24
577;1;200;SM;San Marino;San Marino;SM.webp;2016;2016;05/04/2016;1;0;;;;2 € conm. San Marino 2016 (1);Donatello, 550 años de su muerte;Donatello's 550th Death Anniversary;2016_SM_(1).webp;;2007_200.webp;;;Escultura;;Donatello;82%;Solo existen versiones de colección;2016/04/05
578;1;200;FI;Suomi · Finland;Finlandia;FI.webp;2016;2016;25/04/2016;1;0;;;;2 € conm. Finlandia 2016 (1);Eino Leino, 90 años de su muerte;Eino Leino's 90th Death Anniversary;2016_FI_(1).webp;;2007_200.webp;;;Literatura;;;66%;Rara;2016/04/25
579;1;200;IT;Italia;Italia;IT.webp;2016;2016;29/04/2016;1;0;;;;2 € conm. Italia 2016 (1);Donatello, 550 años de su muerte;Donatello's 550th Death Anniversary;2016_IT_(1).webp;;2007_200.webp;;;Escultura;;Donatello;63%;Rara;2016/04/29
580;1;200;LT;Lietuva;Lituania;LT.webp;2016;2016;03/05/2016;1;0;;;;2 € conm. Lituania 2016 (1);Disco ámbar, cultura báltica;Amber disc, Baltic culture;2016_LT_(1).webp;;2007_200.webp;;;Tradición;;;66%;Rara;2016/05/03
581;1;200;PT;Portugal;Portugal;PT.webp;2016;2016;03/05/2016;1;0;;;;2 € conm. Portugal 2016 (1);Equipo portugués en los JJOO de Río 2016;Portuguese Team at the Rio 2016 Olympic Games;2016_PT_(1).webp;;2007_200.webp;;;Deportes - JJOO;;;68%;Rara;2016/05/03
582;1;200;LU;Lëtzebuerg;Luxemburgo;LU.webp;2016;2016;12/05/2016;1;0;;;;2 € conm. Luxemburgo 2016 (1);Puente Rojo de la gran duquesa Carlota, 50 años;Grand Duchess Charlotte Red Bridge;2016_LU_(1).webp;;2007_200.webp;;;Arquitectura;;;70%;Rara;2016/05/12
583;1;200;IT;Italia;Italia;IT.webp;2016;2016;16/05/2016;1;0;;;;2 € conm. Italia 2016 (2);Tito Maccio Plauto, 2200 años de su muerte;Tito Maccio Plauto's 2200th Death Anniversary;2016_IT_(2).webp;;2007_200.webp;;;Literatura;;;63%;Rara;2016/05/16
584;1;200;BE;Belgie · Belgique · Belgien;Bélgica;BE.webp;2016;2016;25/05/2016;1;0;;;;2 € conm. Bélgica 2016 (2);Día Internacional de los Niños Desaparecidos;International Missing Children's Day;2016_BE_(2).webp;;2007_200.webp;;;Solidaridad;;;65%;Rara;2016/05/25
585;1;200;MC;Monaco;Mónaco;MC.webp;2016;2016;01/06/2016;1;0;;;;2 € conm. Mónaco 2016 (1);Fundación de Monte Carlo por Carlos III, 150 años;Monte Carlo foundation by Charles III, 150 Years;2016_MC_(1).webp;;2007_200.webp;;;Modelo de estado;Monarquía;;95%;Solo existen versiones de colección;2016/06/01
586;1;200;VA;Città del Vaticano;Ciudad del Vaticano;VA.webp;2016;2016;02/06/2016;1;0;;;;2 € conm. Vaticano 2016 (1);Cuerpo de la Gendarmería, 200 años;Vatican Guard, 200 Years;2016_VA_(1).webp;;2007_200.webp;;;Cuerpos uniformados;;;81%;Muy rara;2016/06/02
587;1;200;SI;Slovenija;Eslovenia;SI.webp;2016;2016;20/06/2016;1;0;;;;2 € conm. Eslovenia 2016 (1);Independencia de SI, 25 años;Slovenia independence, 25 Years;2016_SI_(1).webp;;2007_200.webp;;;Soberanía;;;66%;Rara;2016/06/20
588;1;200;LV;Latvija;Letonia;LV.webp;2016;2016;12/07/2016;1;0;;;;2 € conm. Letonia 2016 (1);Vaca, industria de la agricultura letona;Cow, Latvian Agricultural Industry;2016_LV_(1).webp;;2007_200.webp;;;Animales;;;65%;Rara;2016/07/12
589;1;200;PT;Portugal;Portugal;PT.webp;2016;2016;19/07/2016;1;0;;;;2 € conm. Portugal 2016 (2);Puente 25 de abril, 50 años;April 25th Bridge, 50 Years;2016_PT_(2).webp;;2007_200.webp;;;Arquitectura;;;70%;Rara;2016/07/19
590;1;200;MT;Malta;Malta;MT.webp;2016;2016;22/08/2016;1;0;;TPM;Templos prehistóricos de Malta;2 € conm. Malta 2016 (1);Templos de Ggantija;Ggantija Temples;2016_MT_(1).webp;;2007_200.webp;;;Arqueología;;;72%;Rara;2016/08/22
591;1;200;FR;France;Francia;FR.webp;2016;2016;12/09/2016;1;0;;;;2 € conm. Francia 2016 (2);François Mitterrand, 100.º cumpleaños;François Mitterrand's 100th Birthday;2016_FR_(2).webp;;2007_200.webp;;;Políticos;;;50%;Intermedia;2016/09/12
592;1;200;SM;San Marino;San Marino;SM.webp;2016;2016;22/09/2016;1;0;;;;2 € conm. San Marino 2016 (2);William Shakespeare, 400 años de su muerte;William Shakespeare's 400th Death Anniversary;2016_SM_(2).webp;;2007_200.webp;;;Literatura;;;83%;Solo existen versiones de colección;2016/09/22
593;1;200;VA;Città del Vaticano;Ciudad del Vaticano;VA.webp;2016;2016;13/10/2016;1;0;;;;2 € conm. Vaticano 2016 (2);Jubileo de la Misericordia;Jubilee of Mercy;2016_VA_(2).webp;;2007_200.webp;;;Catolicismo;;;81%;Muy rara;2016/10/13
594;1;200;FI;Suomi · Finland;Finlandia;FI.webp;2016;2016;17/10/2016;1;0;;;;2 € conm. Finlandia 2016 (2);Georg Henrik von Wright, 100.º cumpleaños;Georg Henrik von Wright's 100th Birthday;2016_FI_(2).webp;;2007_200.webp;;;Ciencia;Lógica y filosofía;;66%;Rara;2016/10/17
595;1;200;LV;Latvija;Letonia;LV.webp;2016;2016;15/11/2016;1;0;;RLV;Regiones históricas de Letonia;2 € conm. Letonia 2016 (2);Vidzeme;Vidzeme;2016_LV_(2).webp;;2007_200.webp;;;Escudo de armas;;;66%;Rara;2016/11/15
596;1;200;MT;Malta;Malta;MT.webp;2016;2016;05/12/2016;1;0;;NYS;Niños y solidaridad;2 € conm. Malta 2016 (2);Amor;Love;2016_MT_(2).webp;;2007_200.webp;;;Educación;;;72%;Rara;2016/12/05
597;1;200;GR;Ελλάδα;Grecia;GR.webp;2016;2016;16/12/2016;1;0;;;;2 € conm. Grecia 2016 (1);Resistencia en el Monasterio de Arkadi, 150 años;Resistance at the Arkadi Monastery;2016_GR_(1).webp;;2007_200.webp;;;Guerras y paz;;;68%;Rara;2016/12/16
598;1;200;GR;Ελλάδα;Grecia;GR.webp;2016;2016;16/12/2016;1;0;;;;2 € conm. Grecia 2016 (2);Dimitri Mitrópoulos, 120.º cumpleaños;Dimitri Mitropoulos' 120th Birthday;2016_GR_(2).webp;;2007_200.webp;;;Música;Director de orquesta;;68%;Rara;2016/12/16
599;1;200;AD;Andorra;Andorra;AD.webp;2016;2016;01/06/2017;1;0;;;;2 € conm. Andorra 2016 (1);Radio y Televisión de Andorra, 25 años;Radio & Television of AD, 25 Years;2016_AD_(1).webp;;2007_200.webp;;;Comunicación e información;;;83%;Solo existen versiones de colección;2017/06/01
600;1;200;AD;Andorra;Andorra;AD.webp;2016;2016;01/06/2017;1;0;;;;2 € conm. Andorra 2016 (2);Nueva Reforma de 1866, 150 años;Nova Reforma of 1866, 150 Years;2016_AD_(2).webp;;2007_200.webp;;;Modelo de estado;;;83%;Solo existen versiones de colección;2017/06/01
601;1;200;SK;Slovensko;Eslovaquia;SK.webp;2017;2017;04/01/2017;1;0;;;;2 € conm. Eslovaquia 2017 (1);Universidad Istropolitana, 550 años;Istropolitan University, 550 Years;2017_SK_(1).webp;;2007_200.webp;;;Universidades;;;74%;Rara;2017/01/04
602;1;200;LU;Lëtzebuerg;Luxemburgo;LU.webp;2017;2017;04/01/2017;1;0;;;;2 € conm. Luxemburgo 2017 (1);Voluntariedad del servicio militar, 50 años;Voluntariness of the Luxembourg army, 50 Years;2017_LU_(1).webp;;2007_200.webp;;;Derechos sociales;;;66%;Rara;2017/01/04
603;1;200;SI;Slovenija;Eslovenia;SI.webp;2017;2017;02/02/2017;1;0;;;;2 € conm. Eslovenia 2017 (1);Euro en Eslovenia, 10 años;Euro in Slovenia, 10 Years;2017_SI_(1).webp;;2007_200.webp;;;Divisas;;;66%;Rara;2017/02/02
604;1;200;DE;Deutschland;Alemania;DE.webp;2017;2017;03/02/2017;1;0;;EFA;Estados Federados I;2 € conm. Alemania 2017 (1);Porta Nigra. Rheinland-Pfalz;Porta Nigra. Rheinland-Pfalz;2017_DE_(1).webp;;2007_200.webp;;;Arquitectura;;;42%;Intermedia;2017/02/03
605;1;200;ES;España;España;ES.webp;2017;2017;03/02/2017;1;0;;PHU;Lugares Patrimonio de la Humanidad de España;2 € conm. España 2017 (1);Iglesia de Santa María del Naranco, Oviedo y Asturias;Church of Santa María del Naranco, Oviedo & Asturias;2017_ES_(1).webp;;2007_200.webp;;;Arquitectura;;;70%;Rara;2017/02/03
606;1;200;FR;France;Francia;FR.webp;2017;2017;03/02/2017;1;0;;;;2 € conm. Francia 2017 (1);Auguste Rodin, 100 años de su muerte;Auguste Rodin's 100th Death Anniversary;2017_FR_(1).webp;;2007_200.webp;;;Escultura;;;50%;Intermedia;2017/02/03
607;1;200;IT;Italia;Italia;IT.webp;2017;2017;25/03/2017;1;0;;;;2 € conm. Italia 2017 (1);Basílica de San Marcos, Venecia, 400 años;Basilica of San Marco, Venice, 400 Years;2017_IT_(1).webp;;2007_200.webp;;;Arquitectura;;;63%;Rara;2017/03/25
608;1;200;SM;San Marino;San Marino;SM.webp;2017;2017;30/03/2017;1;0;;;;2 € conm. San Marino 2017 (1);Giotto, 750.º cumpleaños;Giotto's 750th Birthday;2017_SM_(1).webp;;2007_200.webp;;;Pintura;;;84%;Solo existen versiones de colección;2017/03/30
609;1;200;BE;Belgie · Belgique · Belgien;Bélgica;BE.webp;2017;2017;22/04/2017;1;0;;;;2 € conm. Bélgica 2017 (1);Universidad de Lieja, 200 años;University of Liège, 200 Years;2017_BE_(1).webp;;2007_200.webp;;;Universidades;;;77%;Solo existen versiones de colección;2017/04/22
610;1;200;FI;Suomi · Finland;Finlandia;FI.webp;2017;2017;01/06/2017;1;0;;;;2 € conm. Finlandia 2017 (1);Independencia de Finlandia, 100 años;Independent Finland, 100 Years;2017_FI_(1).webp;;2007_200.webp;;;Soberanía;;Independencia de Finlandia;59%;Intermedia;2017/06/01
611;1;200;VA;Città del Vaticano;Ciudad del Vaticano;VA.webp;2017;2017;01/06/2017;1;0;;;;2 € conm. Vaticano 2017 (1);Martirio de los santos Pedro y Pablo, 1950 años;Martyrdom of Saint Peter & Saint Paul, 1950 Years;2017_VA_(1).webp;;2007_200.webp;;;Catolicismo;;;81%;Muy rara;2017/06/01
612;1;200;IT;Italia;Italia;IT.webp;2017;2017;23/06/2017;1;0;;;;2 € conm. Italia 2017 (2);Tito Livio, 2000 años de su muerte;Titus Livius' 2000th Death Anniversary;2017_IT_(2).webp;;2007_200.webp;;;Literatura;;;63%;Rara;2017/06/23
613;1;200;EE;Eesti;Estonia;EE.webp;2017;2017;27/06/2017;1;0;;;;2 € conm. Estonia 2017 (1);Maapäev, autoridad suprema de Estonia, 100 años;Maapäev, Supreme Authority of Estonia, 100 Years;2017_EE_(1).webp;;2007_200.webp;;;Soberanía;;;63%;Rara;2017/06/27
614;1;200;MT;Malta;Malta;MT.webp;2017;2017;27/06/2017;1;0;;TPM;Templos prehistóricos de Malta;2 € conm. Malta 2017 (1);Templos de Hagar Qim;Hagar Qim Temples;2017_MT_(1).webp;;2007_200.webp;;;Arqueología;;;72%;Rara;2017/06/27
615;1;200;GR;Ελλάδα;Grecia;GR.webp;2017;2017;10/07/2017;1;0;;;;2 € conm. Grecia 2017 (1);Nikos Kazantzakis, 60 años de su muerte;Nikos Kazantzakis' 60th Death Anniversary;2017_GR_(1).webp;;2007_200.webp;;;Literatura;escritor y filósofo;;68%;Rara;2017/07/10
616;1;200;PT;Portugal;Portugal;PT.webp;2017;2017;18/07/2017;1;0;;;;2 € conm. Portugal 2017 (1);Seguridad Pública, 150 años;Public Security, 150 Years;2017_PT_(1).webp;;2007_200.webp;;;Sociedad del bienestar;;;70%;Rara;2017/07/18
617;1;200;LT;Lietuva;Lituania;LT.webp;2017;2017;31/08/2017;1;0;;;;2 € conm. Lituania 2017 (1);Vilna, capital cultural y artística del estado;Vilnius Cultural & Artistic Capital of the State;2017_LT_(1).webp;;2007_200.webp;;;Tradición;;;66%;Rara;2017/08/31
618;1;200;SM;San Marino;San Marino;SM.webp;2017;2017;31/08/2017;1;0;;;;2 € conm. San Marino 2017 (2);Año Internacional del Turismo Sostenible;International Year of Sustainable Tourism;2017_SM_(2).webp;;2007_200.webp;;;Valores y ciudadanía;;;84%;Solo existen versiones de colección;2017/08/31
619;1;200;FR;France;Francia;FR.webp;2017;2017;25/09/2017;1;0;;;;2 € conm. Francia 2017 (2);Lazo Rosa, lucha contra el cáncer de mama, 25 años;Pink Ribbon, Fight Against Breast Cancer, 25 Years;2017_FR_(2).webp;;2007_200.webp;;;Medicina;;;50%;Intermedia;2017/09/25
620;1;200;BE;Belgie · Belgique · Belgien;Bélgica;BE.webp;2017;2017;29/09/2017;1;0;;;;2 € conm. Bélgica 2017 (2);Universidad de Gante, 200 años;Ghent University, 200 Years;2017_BE_(2).webp;;2007_200.webp;;;Universidades;;;78%;Solo existen versiones de colección;2017/09/29
621;1;200;VA;Città del Vaticano;Ciudad del Vaticano;VA.webp;2017;2017;05/10/2017;1;0;;;;2 € conm. Vaticano 2017 (2);Apariciones de Fátima, 100 años;Fatima apparitions, 100 Years;2017_VA_(2).webp;;2007_200.webp;;;Catolicismo;;;81%;Muy rara;2017/10/05
622;1;200;GR;Ελλάδα;Grecia;GR.webp;2017;2017;12/10/2017;1;0;;;;2 € conm. Grecia 2017 (2);Sitio arqueológico de Filipos, Patrimonio Mundial UNESCO;Philippi Archaeological Site, UNESCO World Heritage;2017_GR_(2).webp;;2007_200.webp;;;Arqueología;;;68%;Rara;2017/10/12
623;1;200;FI;Suomi · Finland;Finlandia;FI.webp;2017;2017;21/10/2017;1;0;;;;2 € conm. Finlandia 2017 (2);Naturaleza finlandesa;Finnish Nature;2017_FI_(2).webp;;2007_200.webp;;;Naturaleza;;;70%;Rara;2017/10/21
624;1;200;PT;Portugal;Portugal;PT.webp;2017;2017;24/10/2017;1;0;;;;2 € conm. Portugal 2017 (2);Raul Brandão, 150.º cumpleaños;Raul Brandão's 150th Birthday;2017_PT_(2).webp;;2007_200.webp;;;Literatura;;;71%;Rara;2017/10/24
625;1;200;LU;Lëtzebuerg;Luxemburgo;LU.webp;2017;2017;26/10/2017;1;0;;;;2 € conm. Luxemburgo 2017 (2);Gran duque Guillermo III, 200.º cumpleaños;Grand Duke Guillaume III's 200th Birthday;2017_LU_(2).webp;;2007_200.webp;;;Familia real;;;74%;Rara;2017/10/26
626;1;200;CY;Κύπρος;Chipre;CY.webp;2017;2017;03/11/2017;1;0;;;;2 € conm. Chipre 2017 (1);Pafos Capital Europea de la Cultura;Paphos European Capital of Culture;2017_CY_(1).webp;;2007_200.webp;;;Capital europea de la cultura;;;71%;Rara;2017/11/03
627;1;200;MT;Malta;Malta;MT.webp;2017;2017;13/11/2017;1;0;;NYS;Niños y solidaridad;2 € conm. Malta 2017 (2);Paz;Peace;2017_MT_(2).webp;;2007_200.webp;;;Educación;;;95%;Solo existen versiones de colección;2017/11/13
628;1;200;MC;Monaco;Mónaco;MC.webp;2017;2017;13/11/2017;1;0;;;;2 € conm. Mónaco 2017 (1);Compañía de Carabineros del Príncipe, 200 años;Carabiniers of the Prince, 200 Years;2017_MC_(1).webp;;2007_200.webp;;;Cuerpos uniformados;;;72%;Rara;2017/11/13
629;1;200;LV;Latvija;Letonia;LV.webp;2017;2017;14/11/2017;1;0;;RLV;Regiones históricas de Letonia;2 € conm. Letonia 2017 (1);Kurzeme;Kurzeme;2017_LV_(1).webp;;2007_200.webp;;;Escudo de armas;;;70%;Rara;2017/11/14
630;1;200;LV;Latvija;Letonia;LV.webp;2017;2017;14/11/2017;1;0;;RLV;Regiones históricas de Letonia;2 € conm. Letonia 2017 (2);Latgale;Latgale;2017_LV_(2).webp;;2007_200.webp;;;Escudo de armas;;;70%;Rara;2017/11/14
631;1;200;AD;Andorra;Andorra;AD.webp;2017;2017;08/02/2018;1;0;;;;2 € conm. Andorra 2017 (1);Himno de Andorra, 100 años;Anthem of Andorra, 100 Years;2017_AD_(1).webp;;2007_200.webp;;;Símbolos nacionales;Himno;;83%;Solo existen versiones de colección;2018/02/08
632;1;200;AD;Andorra;Andorra;AD.webp;2017;2017;08/02/2018;1;0;;;;2 € conm. Andorra 2017 (2);Andorra, el país de los Pirineos;Andorra, the Pyrenean country;2017_AD_(2).webp;;2007_200.webp;;;Símbolos nacionales;Eslogan;;83%;Solo existen versiones de colección;2018/02/08
633;1;200;AT;Österreich;Austria;AT.webp;2018;2018;02/01/2018;1;0;;;;2 € conm. Austria 2018 (1);República de Austria, 100 años;Austrian Republic, 100 Years;2018_AT_(1).webp;;2007_200.webp;;;Modelo de estado;República;;48%;Intermedia;2018/01/02
634;1;200;IT;Italia;Italia;IT.webp;2018;2018;02/01/2018;1;0;;;;2 € conm. Italia 2018 (1);Promulgación de la Constitución Italiana, 70 años;Promulgation of the Italian Constitution, 70 Years;2018_IT_(1).webp;;2007_200.webp;;;Constitución;;;56%;Intermedia;2018/01/02
635;1;200;SK;Slovensko;Eslovaquia;SK.webp;2018;2018;03/01/2018;1;0;;;;2 € conm. Eslovaquia 2018 (1);República de Eslovaquia, 25 años;Slovak Republic, 25 Years;2018_SK_(1).webp;;2007_200.webp;;;Soberanía;;;66%;Rara;2018/01/03
636;1;200;LU;Lëtzebuerg;Luxemburgo;LU.webp;2018;2018;15/01/2018;1;0;;;;2 € conm. Luxemburgo 2018 (1);Constitución de Luxemburgo, 150 años;Luxembourg Constitution, 150 Years;2018_LU_(1).webp;;2007_200.webp;;;Constitución;;;74%;Rara;2018/01/15
637;1;200;DE;Deutschland;Alemania;DE.webp;2018;2018;30/01/2018;1;0;;EFA;Estados Federados I;2 € conm. Alemania 2018 (1);Palacio de Charlottenburg. Berlin;Charlottenburg Palace. Berlin;2018_DE_(1).webp;;2007_200.webp;;;Arquitectura;;;42%;Intermedia;2018/01/30
638;1;200;DE;Deutschland;Alemania;DE.webp;2018;2018;30/01/2018;1;0;;;;2 € conm. Alemania 2018 (2);Canciller Helmut Schmidt, 100.º cumpleaños;Chancellor Helmut Schmidt's 100th Birthday;2018_DE_(2).webp;;2007_200.webp;;;Políticos;;;42%;Intermedia;2018/01/30
639;1;200;ES;España;España;ES.webp;2018;2018;02/02/2018;1;0;;PHU;Lugares Patrimonio de la Humanidad de España;2 € conm. España 2018 (1);Ciudad vieja de Santiago de Compostela;Old Town of Santiago de Compostela;2018_ES_(1).webp;;2007_200.webp;;;Arquitectura;;;74%;Rara;2018/02/02
640;1;200;ES;España;España;ES.webp;2018;2018;02/02/2018;1;0;;;;2 € conm. España 2018 (2);Rey Felipe VI, 50.º cumpleaños;King Felipe VI's 50th Birthday;2018_ES_(2).webp;;2007_200.webp;;;Familia real;;;72%;Rara;2018/02/02
641;1;200;EE;Eesti;Estonia;EE.webp;2018;2018;19/02/2018;1;0;;;;2 € conm. Estonia 2018 (1);Independencia de Estonia, 100 años;Estonia's Independence, 100 Years;2018_EE_(1).webp;;2007_200.webp;;;Soberanía;Independencia;;64%;Rara;2018/02/19
642;1;200;FR;France;Francia;FR.webp;2018;2018;21/02/2018;1;0;;;;2 € conm. Francia 2018 (1);Aciano de Francia, símbolo de apoyo a los veteranos;Bleuet de France, French Remembrance Cornflower;2018_FR_(1).webp;;2007_200.webp;;;Solidaridad;;;47%;Intermedia;2018/02/21
643;1;200;IT;Italia;Italia;IT.webp;2018;2018;05/03/2018;1;0;;;;2 € conm. Italia 2018 (2);Ministerio de Sanidad, 60 años;Ministry of Health, 60 Years;2018_IT_(2).webp;;2007_200.webp;;;Sociedad del bienestar;;;58%;Intermedia;2018/03/05
644;1;200;AD;Andorra;Andorra;AD.webp;2018;2018;13/03/2018;1;0;;;;2 € conm. Andorra 2018 (1);Constitución andorrana, 25 años;Andorran Constitution, 25 Years;2018_AD_(1).webp;;2007_200.webp;;;Constitución;;;84%;Solo existen versiones de colección;2018/03/13
645;1;200;SM;San Marino;San Marino;SM.webp;2018;2018;05/04/2018;1;0;;;;2 € conm. San Marino 2018 (1);Tintoretto, 500.º cumpleaños;Tintoretto's 500th Birthday;2018_SM_(1).webp;;2007_200.webp;;;Pintura;;;85%;Solo existen versiones de colección;2018/04/05
646;1;200;SI;Slovenija;Eslovenia;SI.webp;2018;2018;14/05/2018;1;0;;;;2 € conm. Eslovenia 2018 (1);Día mundial de las abejas;World Day of Bees;2018_SI_(1).webp;;2007_200.webp;;;Animales;Animales;;66%;Rara;2018/05/14
647;1;200;PT;Portugal;Portugal;PT.webp;2018;2018;22/05/2018;1;0;;;;2 € conm. Portugal 2018 (1);Imprenta Nacional, 250 años;Official Printing Works, 250 Years;2018_PT_(1).webp;;2007_200.webp;;;Comunicación e información;;;71%;Rara;2018/05/22
648;1;200;FI;Suomi · Finland;Finlandia;FI.webp;2018;2018;28/05/2018;1;0;;;;2 € conm. Finlandia 2018 (1);Paisaje nacional de Koli;Finnish National Landscape of Koli;2018_FI_(1).webp;;2007_200.webp;;;Naturaleza;;;66%;Rara;2018/05/28
649;1;200;VA;Città del Vaticano;Ciudad del Vaticano;VA.webp;2018;2018;01/06/2018;1;0;;;;2 € conm. Vaticano 2018 (1);Año Europeo del Patrimonio Cultura, Laoconte y sus hijos;European Year of Cultural Heritage, Laocoön & His Sons;2018_VA_(1).webp;;2007_200.webp;;;Escultura;;;81%;Muy rara;2018/06/01
650;1;200;BE;Belgie · Belgique · Belgien;Bélgica;BE.webp;2018;2018;19/06/2018;1;0;;;;2 € conm. Bélgica 2018 (1);Acontecimientos de mayo del 1968, 50 años;Events of May 1968, 50 Years;2018_BE_(1).webp;;2007_200.webp;;;Derechos sociales;;;75%;Solo existen versiones de colección;2018/06/19
651;1;200;MC;Monaco;Mónaco;MC.webp;2018;2018;25/06/2018;1;0;;;;2 € conm. Mónaco 2018 (1);Frannçois-Joseph Bosio, 250.º cumpleaños;Frannçois-Joseph Bosio's 250th Birthday;2018_MC_(1).webp;;2007_200.webp;;;Escultura;;;94%;Solo existen versiones de colección;2018/06/25
652;1;200;LT;Lietuva;Lituania;LT.webp;2018;2018;26/06/2018;1;0;;PLT;Patrimonio lituano;2 € conm. Lituania 2018 (1);Festival de la Canción y la Danza, Patrimonio Inmaterial;Lithuanian Song and Dance Festival, Intangible Heritage;2018_LT_(1).webp;;2007_200.webp;;;Tradición;;;70%;Rara;2018/06/26
653;1;200;FR;France;Francia;FR.webp;2018;2018;29/06/2018;1;0;;;;2 € conm. Francia 2018 (2);Simone Veil, lucha por los derechos de las mujeres;Simone Veil, Combat for Women's Rights;2018_FR_(2).webp;;2007_200.webp;;;Derechos sociales;Feminismo;;47%;Intermedia;2018/06/29
654;1;200;MT;Malta;Malta;MT.webp;2018;2018;20/07/2018;1;0;;TPM;Templos prehistóricos de Malta;2 € conm. Malta 2018 (1);Templos de Mnajdra;Mnajdra Temples;2018_MT_(1).webp;;2007_200.webp;;;Arqueología;;;73%;Rara;2018/07/20
655;1;200;PT;Portugal;Portugal;PT.webp;2018;2018;25/07/2018;1;0;;;;2 € conm. Portugal 2018 (2);Jardín Botánico de Ajuda, 250 años;Ajuda Botanical Garden, 250 Years;2018_PT_(2).webp;;2007_200.webp;;;Plantas;Jardín botánico;;71%;Rara;2018/07/25
656;1;200;LU;Lëtzebuerg;Luxemburgo;LU.webp;2018;2018;01/09/2018;1;0;;;;2 € conm. Luxemburgo 2018 (2);Gran duque Guillermo I, 175 años de su muerte;Grand Duke Guillaume I's 175th Death Anniversary;2018_LU_(2).webp;;2007_200.webp;;;Familia real;;;74%;Rara;2018/09/01
657;1;200;BE;Belgie · Belgique · Belgien;Bélgica;BE.webp;2018;2018;20/09/2018;1;0;;;;2 € conm. Bélgica 2018 (2);Lanzamiento del satélite ESRO 2B, 50 años;ESRO 2B Satellite Launch, 50 Years;2018_BE_(2).webp;;2007_200.webp;;;Ciencia;Astronomía, física;;75%;Solo existen versiones de colección;2018/09/20
658;1;200;SM;San Marino;San Marino;SM.webp;2018;2018;20/09/2018;1;0;;;;2 € conm. San Marino 2018 (2);Gian Lorenzo Bernini, 420.º cumpleaños;Gian Lorenzo Bernini's 420th Birthday;2018_SM_(2).webp;;2007_200.webp;;;Escultura;;;85%;Solo existen versiones de colección;2018/09/20
659;1;200;LV;Latvija;Letonia;LV.webp;2018;2018;26/09/2018;1;0;;RLV;Regiones históricas de Letonia;2 € conm. Letonia 2018 (1);Zemgale;Zemgale;2018_LV_(1).webp;;2007_200.webp;;;Escudo de armas;;;70%;Rara;2018/09/26
660;1;200;VA;Città del Vaticano;Ciudad del Vaticano;VA.webp;2018;2018;04/10/2018;1;0;;;;2 € conm. Vaticano 2018 (2);Padre Pío, 50 años de su muerte;Padre Pio's 50th Death Anniversary;2018_VA_(2).webp;;2007_200.webp;;;Catolicismo;;;81%;Muy rara;2018/10/04
661;1;200;FI;Suomi · Finland;Finlandia;FI.webp;2018;2018;22/10/2018;1;0;;;;2 € conm. Finlandia 2018 (2);Cultura de la sauna finlandesa;Finnish Sauna Culture;2018_FI_(2).webp;;2007_200.webp;;;Naturaleza;;;66%;Rara;2018/10/22
662;1;200;GR;Ελλάδα;Grecia;GR.webp;2018;2018;25/10/2018;1;0;;;;2 € conm. Grecia 2018 (1);Kostís Palamás, 75 años de su muerte;Kostis Palamas' 75th Death Anniversary;2018_GR_(1).webp;;2007_200.webp;;;Literatura;;;68%;Rara;2018/10/25
663;1;200;GR;Ελλάδα;Grecia;GR.webp;2018;2018;25/10/2018;1;0;;;;2 € conm. Grecia 2018 (2);Unión del Dodecaneso a Grecia, 70 años;Union of the Dodecanese with Grece, 70 Years;2018_GR_(2).webp;;2007_200.webp;;;Unión de territorios;;;68%;Rara;2018/10/25
664;1;200;MT;Malta;Malta;MT.webp;2018;2018;07/11/2018;1;0;;NYS;Niños y solidaridad;2 € conm. Malta 2018 (2);Patrimonio Cultural;Cultural Heritage;2018_MT_(2).webp;;2007_200.webp;;;Educación;;;73%;Rara;2018/11/07
665;1;200;AD;Andorra;Andorra;AD.webp;2018;2018;26/11/2018;1;0;;;;2 € conm. Andorra 2018 (2);Declaración Universal de DDHH, 70 años;Universal Declaration of Human Rights, 70 Years;2018_AD_(2).webp;;2007_200.webp;;;Declaración Universal de DDHH;;;84%;Solo existen versiones de colección;2018/11/26
666;1;200;LU;Lëtzebuerg;Luxemburgo;LU.webp;2019;2019;10/01/2019;1;0;;;;2 € conm. Luxemburgo 2019 (1);Ascensión al trono de la gran duquesa Carlota, 100 años;Grand Duchess Charlotte’s Accession, 100 Years;2019_LU_(1).webp;;2007_200.webp;;;Coronación;;;74%;Rara;2019/01/10
667;1;200;DE;Deutschland;Alemania;DE.webp;2019;2019;29/01/2019;1;0;;EFA;Estados Federados I;2 € conm. Alemania 2019 (1);Fundación del Bundesrat, 70 años;Bundesrat 70th Anniversary;2019_DE_(1).webp;;2007_200.webp;;;Arquitectura;;;42%;Intermedia;2019/01/29
668;1;200;IE;Éire;Irlanda;IE.webp;2019;2019;13/02/2019;1;0;;;;2 € conm. Irlanda 2019 (1);Primera sesión del Parlamento Irlandés, 100 años;Dáil Éireann, Irish Parliament, First Sitting, 100 Years;2019_IE_(1).webp;;2007_200.webp;;;Modelo de estado;Parlamentarismo;;66%;Rara;2019/02/13
669;1;200;ES;España;España;ES.webp;2019;2019;18/02/2019;1;0;;PHU;Lugares Patrimonio de la Humanidad de España;2 € conm. España 2019 (1);Casco antiguo de Ávila e iglesias extramuros;Old Town of Avila & Churches Outside the Walls;2019_ES_(1).webp;;2007_200.webp;;;Arquitectura;;;70%;Rara;2019/02/18
670;1;200;BE;Belgie · Belgique · Belgien;Bélgica;BE.webp;2019;2019;01/03/2019;1;0;;;;2 € conm. Bélgica 2019 (1);Pieter Bruegel el Viejo, 450 años de su muerte;Pieter Bruegel the Elder's 450th Death Anniversary;2019_BE_(1).webp;;2007_200.webp;;;Pintura;;;79%;Solo existen versiones de colección;2019/03/01
671;1;200;AD;Andorra;Andorra;AD.webp;2019;2019;11/03/2019;1;0;;;;2 € conm. Andorra 2019 (1);Finales de la copa del mundo de esquí;Ski World Cup Finals;2019_AD_(1).webp;;2007_200.webp;;;Deportes;;;85%;Solo existen versiones de colección;2019/03/11
672;1;200;SM;San Marino;San Marino;SM.webp;2019;2019;04/04/2019;1;0;;;;2 € conm. San Marino 2019 (1);Leonardo da Vinci, 500 años de su muerte;Leonardo da Vinci's 500th Death Anniversary;2019_SM_(1).webp;;2007_200.webp;;;Pintura;;Leonardo da Vinci;86%;Solo existen versiones de colección;2019/04/04
673;1;200;SK;Slovensko;Eslovaquia;SK.webp;2019;2019;25/04/2019;1;0;;;;2 € conm. Eslovaquia 2019 (1);Milan Rastislav Štefánik, 100 años de su muerte;Milan Rastislav Štefánik's 100th Death Anniversary;2019_SK_(1).webp;;2007_200.webp;;;Políticos;;;66%;Rara;2019/04/25
674;1;200;VA;Città del Vaticano;Ciudad del Vaticano;VA.webp;2019;2019;07/05/2019;1;0;;;;2 € conm. Vaticano 2019 (1);Fundación del Estado de la Ciudad del Vaticano, 90 años;Foundation of the Vatican City State, 90 Years;2019_VA_(1).webp;;2007_200.webp;;;Soberanía;;;82%;Muy rara;2019/05/07
675;1;200;PT;Portugal;Portugal;PT.webp;2019;2019;08/05/2019;1;0;;;;2 € conm. Portugal 2019 (1);Primera circunnavegación, dirigida por Magallanes, 500 años;First circumnavigation, led by Magalhães, 500 Years;2019_PT_(1).webp;;2007_200.webp;;;Exploraciones;;;70%;Rara;2019/05/08
676;1;200;BE;Belgie · Belgique · Belgien;Bélgica;BE.webp;2019;2019;09/05/2019;1;0;;;;2 € conm. Bélgica 2019 (2);Instituto Monetario Europeo, 25 años;European Monetary Institute, 25 Years;2019_BE_(2).webp;;2007_200.webp;;;Divisas;;;79%;Solo existen versiones de colección;2019/05/09
677;1;200;EE;Eesti;Estonia;EE.webp;2019;2019;13/05/2019;1;0;;;;2 € conm. Estonia 2019 (1);Laulupidu, Festival de la canción de Estonia, 150 años;Laulupidu, Estonian Song Festival, 150 Years;2019_EE_(1).webp;;2007_200.webp;;;Tradición;;;73%;Rara;2019/05/13
678;1;200;FR;France;Francia;FR.webp;2019;2019;29/05/2019;1;0;;;;2 € conm. Francia 2019 (1);Astérix, 60 años;Asterix, 60 Years;2019_FR_(1).webp;;2007_200.webp;;;Infantil;;;66%;Rara;2019/05/29
679;1;200;PT;Portugal;Portugal;PT.webp;2019;2019;07/06/2019;1;0;;;;2 € conm. Portugal 2019 (2);Descubrimiento de Madeira y Porto Santo, 600 años;Discovery of Madeira & Porto Santo, 600 Years;2019_PT_(2).webp;;2007_200.webp;;;Exploraciones;;;74%;Solo existen versiones de colección;2019/06/07
680;1;200;LT;Lietuva;Lituania;LT.webp;2019;2019;08/06/2019;1;0;;PLT;Patrimonio lituano;2 € conm. Lituania 2019 (1);Sutartinės, Patrimonio Cultural Inmaterial;Sutartinės, Intangible Cultural Heritage;2019_LT_(1).webp;;2007_200.webp;;;Tradición;;;71%;Rara;2019/06/08
681;1;200;GR;Ελλάδα;Grecia;GR.webp;2019;2019;10/07/2019;1;0;;;;2 € conm. Grecia 2019 (1);Andreas Kalvos, 150 años de su muerte;Andreas Kalvos' 150th Death Anniversary;2019_GR_(1).webp;;2007_200.webp;;;Literatura;;;70%;Rara;2019/07/10
682;1;200;GR;Ελλάδα;Grecia;GR.webp;2019;2019;11/07/2019;1;0;;;;2 € conm. Grecia 2019 (2);Manolis Andronicos, 100.º cumpleaños;Manolis Andronicos' 100th Birthday;2019_GR_(2).webp;;2007_200.webp;;;Arqueología;;;68%;Rara;2019/07/11
683;1;200;MT;Malta;Malta;MT.webp;2019;2019;11/07/2019;1;0;;TPM;Templos prehistóricos de Malta;2 € conm. Malta 2019 (1);Templos de Ta’ Haġrat;Ta’ Haġrat Temples;2019_MT_(1).webp;;2007_200.webp;;;Arqueología;;;68%;Rara;2019/07/11
684;1;200;IT;Italia;Italia;IT.webp;2019;2019;12/08/2019;1;0;;;;2 € conm. Italia 2019 (1);Leonardo da Vinci, 500 años de su muerte;Leonardo da Vinci's 500th Death Anniversary;2019_IT_(1).webp;;2007_200.webp;;;Pintura;;Leonardo da Vinci;58%;Intermedia;2019/08/12
685;1;200;SM;San Marino;San Marino;SM.webp;2019;2019;29/08/2019;1;0;;;;2 € conm. San Marino 2019 (2);Filippo Lippi, 550 años de su muerte;Filippo Lippi's 550th Death Anniversary;2019_SM_(2).webp;;2007_200.webp;;;Pintura;;;86%;Solo existen versiones de colección;2019/08/29
686;1;200;LT;Lietuva;Lituania;LT.webp;2019;2019;10/09/2019;1;0;;REL;Regiones etnográficas de Lituania;2 € conm. Lituania 2019 (2);Samogicia (Žemaitija);Samogitia (Žemaitija);2019_LT_(2).webp;;2007_200.webp;;;Escudo de armas;;;70%;Rara;2019/09/10
687;1;200;MC;Monaco;Mónaco;MC.webp;2019;2019;12/09/2019;1;0;;;;2 € conm. Mónaco 2019 (1);Ascensión al trono del príncipe Honorato V, 200 años;Prince Honoré V's Accession, 200 Years;2019_MC_(1).webp;;2007_200.webp;;;Coronación;;;95%;Solo existen versiones de colección;2019/09/12
688;1;200;LV;Latvija;Letonia;LV.webp;2019;2019;17/09/2019;1;0;;;;2 € conm. Letonia 2019 (1);Sol naciente;Rising Sun;2019_LV_(1).webp;;2007_200.webp;;;Símbolos nacionales;Heráldica;;74%;Rara;2019/09/17
689;1;200;LU;Lëtzebuerg;Luxemburgo;LU.webp;2019;2019;19/09/2019;1;0;;;;2 € conm. Luxemburgo 2019 (2);Sufragio universal, 100 años;Universal Suffrage, 100 Years;2019_LU_(2).webp;;2007_200.webp;;;Democracia;;;74%;Rara;2019/09/19
690;1;200;VA;Città del Vaticano;Ciudad del Vaticano;VA.webp;2019;2019;01/10/2019;1;0;;;;2 € conm. Vaticano 2019 (2);Restauración de la Capilla Sixtina, 25 años;Restoration of the Sistine Chapel, 25 Years;2019_VA_(2).webp;;2007_200.webp;;;Pintura;;;82%;Muy rara;2019/10/01
691;1;200;MT;Malta;Malta;MT.webp;2019;2019;21/10/2019;1;0;;NYS;Niños y solidaridad;2 € conm. Malta 2019 (2);Naturaleza y medioambiente;Nature & Environment;2019_MT_(2).webp;;2007_200.webp;;;Educación;;;73%;Rara;2019/10/21
692;1;200;AD;Andorra;Andorra;AD.webp;2019;2019;11/11/2019;1;0;;;;2 € conm. Andorra 2019 (2);Consejo de la tierra, 600 años;Council of the Land, 600 Years;2019_AD_(2).webp;;2007_200.webp;;;Modelo de estado;;;85%;Solo existen versiones de colección;2019/11/11
693;1;200;FI;Suomi · Finland;Finlandia;FI.webp;2019;2019;11/11/2019;1;0;;;;2 € conm. Finlandia 2019 (1);Acto de Constitución de Finlandia, 100 años;Constitution Act of Finland, 100 Years;2019_FI_(1).webp;;2007_200.webp;;;Constitución;;;70%;Rara;2019/11/11
694;1;200;EE;Eesti;Estonia;EE.webp;2019;2019;19/11/2019;1;0;;;;2 € conm. Estonia 2019 (2);Universidad de Tartu, 100 años;University of Tartu, 100 Years;2019_EE_(2).webp;;2007_200.webp;;;Universidades;;;66%;Rara;2019/11/19
695;1;200;SI;Slovenija;Eslovenia;SI.webp;2019;2019;25/11/2019;1;0;;;;2 € conm. Eslovenia 2019 (1);Fundación de la Universidad de Liubliana, 100 años;Foundation of the University of Ljublijana;2019_SI_(1).webp;;2007_200.webp;;;Universidades;;;66%;Rara;2019/11/25
696;1;200;IT;Italia;Italia;IT.webp;2020;2020;20/01/2020;1;0;;;;2 € conm. Italia 2020 (1);Cuerpo Nacional de Bomberos Italiano, 80 años;Italian National Fire Department, 80 Years;2020_IT_(1).webp;;2007_200.webp;;;Cuerpos uniformados;;;58%;Intermedia;2020/01/20
697;1;200;EE;Eesti;Estonia;EE.webp;2020;2020;27/01/2020;1;0;;;;2 € conm. Estonia 2020 (1);Descubrimiento de la Antártida, 200 años;Discovery of Antarctica, 200 Years;2020_EE_(1).webp;;2007_200.webp;;;Exploraciones;;;68%;Rara;2020/01/27
698;1;200;DE;Deutschland;Alemania;DE.webp;2020;2020;28/01/2020;1;0;;EFA;Estados Federados I;2 € conm. Alemania 2020 (1);Palacio de Sanssouci. Brandenburg;Sanssouci Royal Palace. Brandenburg;2020_DE_(1).webp;;2007_200.webp;;;Arquitectura;;;42%;Intermedia;2020/01/28
699;1;200;EE;Eesti;Estonia;EE.webp;2020;2020;01/02/2020;1;0;;;;2 € conm. Estonia 2020 (2);Tratado de paz de Tartu, 100 años;Tartu Peace Treaty, 100 Years;2020_EE_(2).webp;;2007_200.webp;;;Soberanía;;;66%;Rara;2020/02/01
700;1;200;FR;France;Francia;FR.webp;2020;2020;01/02/2020;1;0;;;;2 € conm. Francia 2020 (1);Charles de Gaulle, 1890-1970, Llamamiento 18 junio, 80 años;Charles de Gaulle, 1890-1970, & 18 June Appeal, 80 Years;2020_FR_(1).webp;;2007_200.webp;;;Políticos;;;46%;Intermedia;2020/02/01
701;1;200;BE;Belgie · Belgique · Belgien;Bélgica;BE.webp;2020;2020;05/03/2020;1;0;;;;2 € conm. Bélgica 2020 (1);Año Internacional de Sanidad Vegetal;International Year of Plant Health;2020_BE_(1).webp;;2007_200.webp;;;Ecología;;;68%;Rara;2020/03/05
702;1;200;SM;San Marino;San Marino;SM.webp;2020;2020;05/03/2020;1;0;;;;2 € conm. San Marino 2020 (1);Rafel Sanzio, 500 años de su muerte;Raffaello Sanzio's 500th Death Anniversary;2020_SM_(1).webp;;2007_200.webp;;;Pintura;;Raffaello Sanzio;86%;Solo existen versiones de colección;2020/03/05
703;1;200;LU;Lëtzebuerg;Luxemburgo;LU.webp;2020;2020;23/03/2020;1;0;;;;2 € conm. Luxemburgo 2020 (1);Príncipe Enrique de Orange-Nassau, 200.º cumpleaños;Prince Henry of Orange-Nassau's 200th Birthday;2020_LU_(1).webp;;2007_200.webp;;;Familia real;;;74%;Rara;2020/03/23
704;1;200;LV;Latvija;Letonia;LV.webp;2020;2020;05/06/2020;1;0;;;;2 € conm. Letonia 2020 (1);Cerámica latgaliana;Latgalian ceramics;2020_LV_(1).webp;;2007_200.webp;;;Tradición;;;72%;Rara;2020/06/05
705;1;200;ES;España;España;ES.webp;2020;2020;10/06/2020;1;0;;PHU;Lugares Patrimonio de la Humanidad de España;2 € conm. España 2020 (1);Arquitectura mudéjar de Aragón;Aragonese Mujedar architecture;2020_ES_(1).webp;;2007_200.webp;;;Arquitectura;;;56%;Intermedia;2020/06/10
706;1;200;VA;Città del Vaticano;Ciudad del Vaticano;VA.webp;2020;2020;23/06/2020;1;0;;;;2 € conm. Vaticano 2020 (1);Papa Juan Pablo II, 100.º cumpleaños;Pope John Paul II's 100th Birthday;2020_VA_(1).webp;;2007_200.webp;;;Catolicismo;;;83%;Muy rara;2020/06/23
707;1;200;GR;Ελλάδα;Grecia;GR.webp;2020;2020;30/06/2020;1;0;;;;2 € conm. Grecia 2020 (1);Batalla de las Termópilas, 2500 años;Battle of Thermopylae, 2500 Years;2020_GR_(1).webp;;2007_200.webp;;;Historia antigua;;;68%;Rara;2020/06/30
708;1;200;MT;Malta;Malta;MT.webp;2020;2020;27/07/2020;1;0;;TPM;Templos prehistóricos de Malta;2 € conm. Malta 2020 (1);Templos de Skorba;Skorba Temples;2020_MT_(1).webp;;2007_200.webp;;;Arqueología;;;77%;Rara;2020/07/27
709;1;200;FI;Suomi · Finland;Finlandia;FI.webp;2020;2020;14/08/2020;1;0;;;;2 € conm. Finlandia 2020 (1);Universidades y sociedad: Universidad de Turku, 100 años;Universities & Society: University of Turku, 100 Years;2020_FI_(1).webp;;2007_200.webp;;;Universidades;;;68%;Rara;2020/08/14
710;1;200;SM;San Marino;San Marino;SM.webp;2020;2020;27/08/2020;1;0;;;;2 € conm. San Marino 2020 (2);Giambattista Tiepolo, 250 años de su muerte;Giambattista Tiepolo's 250th Death Anniversary;2020_SM_(2).webp;;2007_200.webp;;;Pintura;;;86%;Solo existen versiones de colección;2020/08/27
711;1;200;PT;Portugal;Portugal;PT.webp;2020;2020;01/09/2020;1;0;;;;2 € conm. Portugal 2020 (1);Universidad de Coimbra, 730 años;Univeristy of Coimbra, 730 Years;2020_PT_(1).webp;;2007_200.webp;;;Universidades;;;73%;Rara;2020/09/01
712;1;200;LT;Lietuva;Lituania;LT.webp;2020;2020;16/09/2020;1;0;;REL;Regiones etnográficas de Lituania;2 € conm. Lituania 2020 (1);Alta Lituania (Aukštaitija);Highland (Aukštaitija);2020_LT_(1).webp;;2007_200.webp;;;Escudo de armas;;;70%;Rara;2020/09/16
713;1;200;GR;Ελλάδα;Grecia;GR.webp;2020;2020;05/10/2020;1;0;;;;2 € conm. Grecia 2020 (2);Unión de Tracia a Grecia, 100 años;Union of Thrace with Greece, 100 Years;2020_GR_(2).webp;;2007_200.webp;;;Unión de territorios;;;68%;Rara;2020/10/05
714;1;200;PT;Portugal;Portugal;PT.webp;2020;2020;07/10/2020;1;0;;;;2 € conm. Portugal 2020 (2);Organización de las Naciones Unidas, 75 años;United Nations, 75 Years;2020_PT_(2).webp;;2007_200.webp;;;Organismos internacionales;;;70%;Rara;2020/10/07
715;1;200;DE;Deutschland;Alemania;DE.webp;2020;2020;08/10/2020;1;0;;;;2 € conm. Alemania 2020 (2);Genuflexión de Brandt en Varsovia, 50 años;Willy Brandt’s Warsaw kneeling, 50 Years;2020_DE_(2).webp;;2007_200.webp;;;Guerras y paz;;;42%;Intermedia;2020/10/08
716;1;200;BE;Belgie · Belgique · Belgien;Bélgica;BE.webp;2020;2020;15/10/2020;1;0;;;;2 € conm. Bélgica 2020 (2);Obra artística de Jan van Eyck, 600 años;Jan van Eyck's Artistic Career, 600 Years;2020_BE_(2).webp;;2007_200.webp;;;Pintura;;;79%;Solo existen versiones de colección;2020/10/15
717;1;200;VA;Città del Vaticano;Ciudad del Vaticano;VA.webp;2020;2020;16/10/2020;1;0;;;;2 € conm. Vaticano 2020 (2);Rafel Sanzio, 500 años de su muerte;Raffaello Sanzio's 500th Death Anniversary;2020_VA_(2).webp;;2007_200.webp;;;Pintura;;Raffaello Sanzio;83%;Muy rara;2020/10/16
718;1;200;MC;Monaco;Mónaco;MC.webp;2020;2020;20/10/2020;1;0;;;;2 € conm. Mónaco 2020 (1);Príncipe Honorato III, 300.º cumpleaños;Prince Honoré III's 300th Birthday;2020_MC_(1).webp;;2007_200.webp;;;Familia real;;;95%;Solo existen versiones de colección;2020/10/20
719;1;200;FR;France;Francia;FR.webp;2020;2020;27/10/2020;1;0;;;;2 € conm. Francia 2020 (2);Investigación médica;Medical Research;2020_FR_(2).webp;;2007_200.webp;;;Medicina;;;74%;Solo existen versiones de colección;2020/10/27
720;1;200;LT;Lietuva;Lituania;LT.webp;2020;2020;04/11/2020;1;0;;PLT;Patrimonio lituano;2 € conm. Lituania 2020 (2);Colina de las Cruces, Patrimonio Cultural;Hill of Crosses, Cultural Heritage;2020_LT_(2).webp;;2007_200.webp;;;Catolicismo;;;70%;Rara;2020/11/04
721;1;200;SK;Slovensko;Eslovaquia;SK.webp;2020;2020;11/11/2020;1;0;;;;2 € conm. Eslovaquia 2020 (1);Adhesión de Eslovaquia a la OECD, 20 años;Slovakia's OECD Membership, 20 Years;2020_SK_(1).webp;;2007_200.webp;;;Organismos internacionales;;;66%;Rara;2020/11/11
722;1;200;FI;Suomi · Finland;Finlandia;FI.webp;2020;2020;16/11/2020;1;0;;;;2 € conm. Finlandia 2020 (2);Väinö Linna, 100.º cumpleaños;Väinö Linna's 100th Birthday;2020_FI_(2).webp;;2007_200.webp;;;Literatura;escritor y soldado;;68%;Rara;2020/11/16
723;1;200;IT;Italia;Italia;IT.webp;2020;2020;16/11/2020;1;0;;;;2 € conm. Italia 2020 (2);Maria Montessori, 150.º cumpleaños;Maria Montessori's 150th Birthday;2020_IT_(2).webp;;2007_200.webp;;;Educación;Feminista;;58%;Intermedia;2020/11/16
724;1;200;AD;Andorra;Andorra;AD.webp;2020;2020;09/12/2020;1;0;;;;2 € conm. Andorra 2020 (1);XXVII Cumbre Iberoamericana;27th Ibero-American Summit;2020_AD_(1).webp;;2007_200.webp;;;Organismos internacionales;;;84%;Solo existen versiones de colección;2020/12/09
725;1;200;AD;Andorra;Andorra;AD.webp;2020;2020;09/12/2020;1;0;;;;2 € conm. Andorra 2020 (2);Sufragio universal femenino, 50 años;Universal Female Suffrage, 50 Years;2020_AD_(2).webp;;2007_200.webp;;;Democracia;;;85%;Solo existen versiones de colección;2020/12/09
726;1;200;CY;Κύπρος;Chipre;CY.webp;2020;2020;14/12/2020;1;0;;;;2 € conm. Chipre 2020 (1);Instituto Chipriota de Neurología y genética, 30 años;Cyprus Institute of Neurology & Genetics, 30 Years;2020_CY_(1).webp;;2007_200.webp;;;Medicina;;;72%;Rara;2020/12/14
727;1;200;MT;Malta;Malta;MT.webp;2020;2020;14/12/2020;1;0;;NYS;Niños y solidaridad;2 € conm. Malta 2020 (2);Juegos infantiles;Children's Games;2020_MT_(2).webp;;2007_200.webp;;;Educación;;;76%;Rara;2020/12/14
728;1;200;LU;Lëtzebuerg;Luxemburgo;LU.webp;2020;2020;22/12/2020;1;0;;;;2 € conm. Luxemburgo 2020 (2);Nacimiento del gran duque heredero Carlos;Birth of HGD Charles;2020_LU_(2).webp;;2007_200.webp;;;Familia real;;;73%;Rara;2020/12/22
729;1;200;SI;Slovenija;Eslovenia;SI.webp;2020;2020;23/12/2020;1;0;;;;2 € conm. Eslovenia 2020 (1);Adam Bohorič, 500.º cumpleaños;Adam Bohorič's 500th Birthday;2020_SI_(1).webp;;2007_200.webp;;;Lengua;;;66%;Rara;2020/12/23
730;1;200;PT;Portugal;Portugal;PT.webp;2021;2021;04/01/2021;1;0;;;;2 € conm. Portugal 2021 (1);Presidencia del Consejo de la UE;Council of the EU Presidency;2021_PT_(1).webp;;2007_200.webp;;;Presidencia del Consejo de la UE;;;70%;Rara;2021/01/04
731;1;200;LV;Latvija;Letonia;LV.webp;2021;2021;20/01/2021;1;0;;;;2 € conm. Letonia 2021 (1);Reconocimiento de derecho de Letonia, 100 años;Full Legal Recognition of Latvia, 100 Years;2021_LV_(1).webp;;2007_200.webp;;;Soberanía;;;72%;Rara;2021/01/20
732;1;200;IT;Italia;Italia;IT.webp;2021;2021;26/01/2021;1;0;;;;2 € conm. Italia 2021 (1);Roma capital de Italia, 150 años;Rome Capital of Italy, 150 Years;2021_IT_(1).webp;;2007_200.webp;;;Modelo de estado;;;58%;Intermedia;2021/01/26
733;1;200;SM;San Marino;San Marino;SM.webp;2021;2021;01/03/2021;1;0;;;;2 € conm. San Marino 2021 (1);Caravaggio, 450.º cumpleaños;Caravaggio's 450th Birthday;2021_SM_(1).webp;;2007_200.webp;;;Pintura;;Caravaggio;86%;Solo existen versiones de colección;2021/03/01
734;1;200;ES;España;España;ES.webp;2021;2021;10/03/2021;1;0;;PHU;Lugares Patrimonio de la Humanidad de España;2 € conm. España 2021 (1);Ciudad histórica de Toledo;Historic City of Toledo;2021_ES_(1).webp;;2007_200.webp;;;Arquitectura;;;56%;Intermedia;2021/03/10
735;1;200;FR;France;Francia;FR.webp;2021;2021;18/03/2021;1;0;;;;2 € conm. Francia 2021 (1);UNICEF, 75 años;UNICEF, 75 Years;2021_FR_(1).webp;;2007_200.webp;;;Organismos internacionales;;;52%;Intermedia;2021/03/18
736;1;200;FI;Suomi · Finland;Finlandia;FI.webp;2021;2021;14/04/2021;1;0;;;;2 € conm. Finlandia 2021 (1);Periodismo apoyando a la democracia finlandesa;Journalism Supporting the Finnish Democracy;2021_FI_(1).webp;;2007_200.webp;;;Democracia;;;67%;Rara;2021/04/14
737;1;200;LU;Lëtzebuerg;Luxemburgo;LU.webp;2021;2021;19/04/2021;1;0;;;;2 € conm. Luxemburgo 2021 (1);Gran guque Juan, 100.º cumpleaños;Grand Duke Jean's 100th Birthday;2021_LU_(1).webp;;2007_200.webp;;;Familia real;;;73%;Rara;2021/04/19
738;1;200;LU;Lëtzebuerg;Luxemburgo;LU.webp;2021;2021;19/04/2021;1;0;;;;2 € conm. Luxemburgo 2021 (2);Matrimonio de los gr. duques Enrique y María Teresa, 40 años;Marriage of GD Henri & GD Maria Teresa, 40 Years;2021_LU_(2).webp;;2007_200.webp;;;Familia real;;;73%;Rara;2021/04/19
739;1;200;GR;Ελλάδα;Grecia;GR.webp;2021;2021;22/04/2021;1;0;;;;2 € conm. Grecia 2021 (1);Revolución griega, 200 años;Greek Revolution, 200 Years;2021_GR_(1).webp;;2007_200.webp;;;Guerras y paz;;;63%;Rara;2021/04/22
740;1;200;DE;Deutschland;Alemania;DE.webp;2021;2021;10/05/2021;1;0;;EFA;Estados Federados I;2 € conm. Alemania 2021 (1);Catedral de Magdeburgo. Sachsen-Anhalt;Magdeburg Cathedral. Sachsen-Anhalt;2021_DE_(1).webp;;2007_200.webp;;;Arquitectura;;;42%;Intermedia;2021/05/10
741;1;200;PT;Portugal;Portugal;PT.webp;2021;2021;18/05/2021;1;0;;;;2 € conm. Portugal 2021 (2);Equipo portugués en los JJOO de Tokio 2020;Portuguese Team at the Tokyo 2020 Olympic Games;2021_PT_(2).webp;;2007_200.webp;;;Deportes - JJOO;;;70%;Rara;2021/05/18
742;1;200;LT;Lietuva;Lituania;LT.webp;2021;2021;19/05/2021;1;0;;PLT;Patrimonio lituano;2 € conm. Lituania 2021 (1);Žuvintas, Reserva de la Biosfera;Žuvintas Biosphere Reserve;2021_LT_(1).webp;;2007_200.webp;;;Naturaleza;;;70%;Rara;2021/05/19
743;1;200;EE;Eesti;Estonia;EE.webp;2021;2021;16/06/2021;1;0;;;;2 € conm. Estonia 2021 (1);Pueblos finoúgrios;Finno-Ugric Peoples;2021_EE_(1).webp;;2007_200.webp;;;Tradición;;;66%;Rara;2021/06/16
744;1;200;IT;Italia;Italia;IT.webp;2021;2021;22/06/2021;1;0;;;;2 € conm. Italia 2021 (2);Profesionales sanitarios en la lucha contra la COVID-19;Healthcare Professionals in the Fight Against COVID-19;2021_IT_(2).webp;;2007_200.webp;;;Pandemia Covid-19;;;58%;Intermedia;2021/06/22
745;1;200;VA;Città del Vaticano;Ciudad del Vaticano;VA.webp;2021;2021;25/06/2021;1;0;;;;2 € conm. Vaticano 2021 (1);Caravaggio, 450.º cumpleaños;Caravaggio's 450th Birthday;2021_VA_(1).webp;;2007_200.webp;;;Pintura;;Caravaggio;83%;Muy rara;2021/06/25
746;1;200;BE;Belgie · Belgique · Belgien;Bélgica;BE.webp;2021;2021;07/07/2021;1;0;;;;2 € conm. Bélgica 2021 (1);Unión económica belgo-luxemburguesa, 100 años;Belgium-Luxembourg Economic Union, 100 Years;2021_BE_(1).webp;;2007_200.webp;;;Pactos internacionales;;;79%;Solo existen versiones de colección;2021/07/07
747;1;200;MT;Malta;Malta;MT.webp;2021;2021;02/08/2021;1;0;;;;2 € conm. Malta 2021 (1);Héroes de la pandemia;Heroes of the Pandemic;2021_MT_(1).webp;;2007_200.webp;;;Pandemia Covid-19;;;84%;Muy rara;2021/08/02
748;1;200;FI;Suomi · Finland;Finlandia;FI.webp;2021;2021;13/08/2021;1;0;;;;2 € conm. Finlandia 2021 (2);Autonomía de Åland, 100 años;Autonomy of Åland, 100 Years;2021_FI_(2).webp;;2007_200.webp;;;Soberanía;;;67%;Rara;2021/08/13
749;1;200;SM;San Marino;San Marino;SM.webp;2021;2021;27/08/2021;1;0;;;;2 € conm. San Marino 2021 (2);Alberto Durero (Mária y Jesús), 550.º cumpleaños;Albrecht Dürer's 550th Birthday (Madonna with Child);2021_SM_(2).webp;;2007_200.webp;;;Pintura;Dibujo;;86%;Solo existen versiones de colección;2021/08/27
750;1;200;LT;Lietuva;Lituania;LT.webp;2021;2021;09/09/2021;1;0;;REL;Regiones etnográficas de Lituania;2 € conm. Lituania 2021 (2);Dzukija (Dzūkija);Dzukija (Dzūkija);2021_LT_(2).webp;;2007_200.webp;;;Escudo de armas;;;70%;Rara;2021/09/09
751;1;200;FR;France;Francia;FR.webp;2021;2021;21/09/2021;1;0;;JOP;JJOO París 2024;2 € conm. Francia 2021 (2);Marianne corriendo junto a la Torre Eiffel;Marianne Running Next to the Eiffel Tower;2021_FR_(2).webp;;2007_200.webp;;;Deportes - JJOO;;;70%;Solo existen versiones de colección;2021/09/21
752;1;200;MC;Monaco;Mónaco;MC.webp;2021;2021;06/10/2021;1;0;;;;2 € conm. Mónaco 2021 (1);Matrimonio de los príncipes Alberto II y Charlene, 10 años;Marriage of Prince Albert II & Princess Charlene, 10 Years;2021_MC_(1).webp;;2007_200.webp;;;Familia real;;;95%;Solo existen versiones de colección;2021/10/06
753;1;200;EE;Eesti;Estonia;EE.webp;2021;2021;20/10/2021;1;0;;NAT;Naturaleza y símbolos de Estonia;2 € conm. Estonia 2021 (2);El lobo, animal nacional de Estonia;The Wolf, Estonian National Animal;2021_EE_(2).webp;;2007_200.webp;;;Animales;Animales;;66%;Rara;2021/10/20
754;1;200;SI;Slovenija;Eslovenia;SI.webp;2021;2021;25/10/2021;1;0;;;;2 € conm. Eslovenia 2021 (1);Museo Prov. de Carniola, primer museo de Eslovenia, 200 años;Prov. Museum of Carniola, 1st Museum in Slovenia, 200 Years;2021_SI_(1).webp;;2007_200.webp;;;Tradición;Museo;;66%;Rara;2021/10/25
755;1;200;MT;Malta;Malta;MT.webp;2021;2021;26/10/2021;1;0;;TPM;Templos prehistóricos de Malta;2 € conm. Malta 2021 (2);Templos de Tarxien;Tarxien Temples;2021_MT_(2).webp;;2007_200.webp;;;Arqueología;;;77%;Rara;2021/10/26
756;1;200;VA;Città del Vaticano;Ciudad del Vaticano;VA.webp;2021;2021;26/10/2021;1;0;;;;2 € conm. Vaticano 2021 (2);Dante Alighieri, 700 años de su muerte;Dante Alighieri's 700th Death Anniversary;2021_VA_(2).webp;;2007_200.webp;;;Literatura;;;83%;Muy rara;2021/10/26
757;1;200;BE;Belgie · Belgique · Belgien;Bélgica;BE.webp;2021;2021;27/10/2021;1;0;;;;2 € conm. Bélgica 2021 (2);Segunda emisión de moneda de Carlos V, 500 años;Second Coin Issuance of Charles V, 500 Years;2021_BE_(2).webp;;2007_200.webp;;;Divisas;;;79%;Solo existen versiones de colección;2021/10/27
758;1;200;SK;Slovensko;Eslovaquia;SK.webp;2021;2021;26/11/2021;1;0;;;;2 € conm. Eslovaquia 2021 (1);Alexander Dubček, 100.º cumpleaños;Alexander Dubček's 100th Birthday;2021_SK_(1).webp;;2007_200.webp;;;Políticos;;;66%;Rara;2021/11/26
759;1;200;AD;Andorra;Andorra;AD.webp;2021;2021;15/12/2021;1;0;;;;2 € conm. Andorra 2021 (1);Coronación canónica de la Virgen de Meritxell, 100 años;Canonical Coronation of Our Lady of Meritxell, 100 Years;2021_AD_(1).webp;;2007_200.webp;;;Catolicismo;;;84%;Solo existen versiones de colección;2021/12/15
760;1;200;AD;Andorra;Andorra;AD.webp;2021;2021;15/12/2021;1;0;;;;2 € conm. Andorra 2021 (2);Cuidemos de nuestros mayores;Take Care of Our Seniors;2021_AD_(2).webp;;2007_200.webp;;;Pandemia Covid-19;;;84%;Solo existen versiones de colección;2021/12/15
761;1;200;DE;Deutschland;Alemania;DE.webp;2022;2022;25/01/2022;1;0;;EFA;Estados Federados I;2 € conm. Alemania 2022 (1);Castillo de Wartburg. Thüringen;Wartburg Castle. Thüringen;2022_DE_(1).webp;;2007_200.webp;;;Arquitectura;;;42%;Intermedia;2022/01/25
762;1;200;FR;France;Francia;FR.webp;2022;2022;25/01/2022;1;0;;;;2 € conm. Francia 2022 (1);Jacques Chirac, 90.º cumpleaños;Jacques Chirac's 90th Birthday;2022_FR_(1).webp;;2007_200.webp;;;Políticos;;;50%;Intermedia;2022/01/25
763;1;200;FI;Suomi · Finland;Finlandia;FI.webp;2022;2022;11/02/2022;1;0;;;;2 € conm. Finlandia 2022 (1);Ballet nacional de Finlandia, 100 años;Finland's National Ballet, 100 Years;2022_FI_(1).webp;;2007_200.webp;;;Música;Artes escénicas y eventos;;72%;Rara;2022/02/11
764;1;200;SI;Slovenija;Eslovenia;SI.webp;2022;2022;02/03/2022;1;0;;;;2 € conm. Eslovenia 2022 (1);Arquitecto Jože Plečnik, 150.º cumpleaños;Architect Jože Plečnik's 150th Birthday;2022_SI_(1).webp;;2007_200.webp;;;Arquitectura;;;66%;Rara;2022/03/02
765;1;200;EE;Eesti;Estonia;EE.webp;2022;2022;09/03/2022;1;0;;;;2 € conm. Estonia 2022 (1);Sociedad de literatos estonios, 150 años;Society of Estonian Literati, 150 Years;2022_EE_(1).webp;;2007_200.webp;;;Literatura;;;66%;Rara;2022/03/09
766;1;200;ES;España;España;ES.webp;2022;2022;23/03/2022;1;0;;PHU;Lugares Patrimonio de la Humanidad de España;2 € conm. España 2022 (1);Parque Nacional de Garajonay;Garajonay National Park;2022_ES_(1).webp;;2007_200.webp;;;Naturaleza;;;66%;Rara;2022/03/23
767;1;200;ES;España;España;ES.webp;2022;2022;23/03/2022;1;0;;;;2 € conm. España 2022 (2);Primera circunnavegación, terminada por Elcano, 500 años;First circumnavigation, completed by Elcano, 500 Years;2022_ES_(2).webp;;2007_200.webp;;;Exploraciones;;;66%;Rara;2022/03/23
768;1;200;PT;Portugal;Portugal;PT.webp;2022;2022;30/03/2022;1;0;;;;2 € conm. Portugal 2022 (1);Primera travesía aérea del Atlántico Sur, 100 años;First Aerial Crossing of the South Atlantic, 100 Years;2022_PT_(1).webp;;2007_200.webp;;;Exploraciones;;;66%;Rara;2022/03/30
769;1;200;IT;Italia;Italia;IT.webp;2022;2022;06/04/2022;1;0;;;;2 € conm. Italia 2022 (1);Policía del Estado italiana, 170 años;Italian National Police, 170 Years;2022_IT_(1).webp;;2007_200.webp;;;Cuerpos uniformados;;;58%;Intermedia;2022/04/06
770;1;200;LV;Latvija;Letonia;LV.webp;2022;2022;12/04/2022;1;0;;;;2 € conm. Letonia 2022 (1);Banco de Letonia, educación financiera, 100 años;Bank of Latvia, Financial Literact, 100 Years;2022_LV_(1).webp;;2007_200.webp;;;Bancos nacionales;;;72%;Rara;2022/04/12
771;1;200;LT;Lietuva;Lituania;LT.webp;2022;2022;21/04/2022;1;0;;;;2 € conm. Lituania 2022 (1);Baloncesto en Lituania, 100 años;Basketball in Lithuania, 100 Years;2022_LT_(1).webp;;2007_200.webp;;;Deportes;;;68%;Rara;2022/04/21
772;1;200;SM;San Marino;San Marino;SM.webp;2022;2022;28/04/2022;1;0;;;;2 € conm. San Marino 2022 (1);Piero della Francesca, 530 años de su muerte;Piero della Francesca's 530th Death Anniversary;2022_SM_(1).webp;;2007_200.webp;;;Pintura;;;85%;Solo existen versiones de colección;2022/04/28
773;1;200;BE;Belgie · Belgique · Belgien;Bélgica;BE.webp;2022;2022;11/05/2022;1;0;;;;2 € conm. Bélgica 2022 (1);Compromiso del sector sanitario con la pandemia de COVID-19;Healthcare Sector Commitment During the COVID-19 Pandemic;2022_BE_(1).webp;;2007_200.webp;;;Pandemia Covid-19;;;60%;Rara;2022/05/11
774;1;200;IT;Italia;Italia;IT.webp;2022;2022;17/05/2022;1;0;;;;2 € conm. Italia 2022 (2);Giovanni Falcone y Paolo Borsellino, 30 años de su muerte;Giovanni Falcone & Paolo Borsellino's 30th Death Anniversary;2022_IT_(2).webp;;2007_200.webp;;;Valores y ciudadanía;Justicia;;58%;Intermedia;2022/05/17
775;1;200;GR;Ελλάδα;Grecia;GR.webp;2022;2022;01/07/2022;1;0;;;;2 € conm. Grecia 2022 (1);Primera constitución griega, 200 años;First Greek Constitution, 200 Years;2022_GR_(1).webp;;2007_200.webp;;;Constitución;;;68%;Rara;2022/07/01
776;1;200;LU;Lëtzebuerg;Luxemburgo;LU.webp;2022;2022;01/07/2022;1;0;;;;2 € conm. Luxemburgo 2022 (1);Matrimonio de los gr. duques Guillermo y Estefanía, 10 años;Marriage of HGD Guillaume & HGD Stephany, 10 Years;2022_LU_(1).webp;;2007_200.webp;;;Familia real;;;78%;Rara;2022/07/01
777;1;200;LU;Lëtzebuerg;Luxemburgo;LU.webp;2022;2022;01/07/2022;1;0;;;;2 € conm. Luxemburgo 2022 (2);Protección legal de la bandera luxemburguesa, 50 años;Legal Protection of the Luxembourg Flag, 50 Years;2022_LU_(2).webp;;2007_200.webp;;;Símbolos nacionales;Bandera;;78%;Rara;2022/07/01
778;1;200;EE;Eesti;Estonia;EE.webp;2022;2022;08/07/2022;1;0;;;;2 € conm. Estonia 2022 (2);Gloria a Ucrania;Glory to Ukraine;2022_EE_(2).webp;;2007_200.webp;;;Apoyo a Ucrania;;;61%;Rara;2022/07/08
779;1;200;VA;Città del Vaticano;Ciudad del Vaticano;VA.webp;2022;2022;06/09/2022;1;0;;;;2 € conm. Vaticano 2022 (1);Papa Pablo VI, 125.º cumpleaños;Pope Paul VI's 125th Birthday;2022_VA_(1).webp;;2007_200.webp;;;Catolicismo;;;83%;Solo existen versiones de colección;2022/09/06
780;1;200;VA;Città del Vaticano;Ciudad del Vaticano;VA.webp;2022;2022;06/09/2022;1;0;;;;2 € conm. Vaticano 2022 (2);Madre Teresa de Calcuta, 25 años de su muerte;Mother Teresa of Calcutta's 25th Death Anniversary;2022_VA_(2).webp;;2007_200.webp;;;Catolicismo;;;83%;Solo existen versiones de colección;2022/09/06
781;1;200;MC;Monaco;Mónaco;MC.webp;2022;2022;07/09/2022;1;0;;;;2 € conm. Mónaco 2022 (1);Príncipe Alberto I, 100 años de su muerte;Prince Albert I's 100th Death Anniversary;2022_MC_(1).webp;;2007_200.webp;;;Familia real;;;95%;Solo existen versiones de colección;2022/09/07
782;1;200;FR;France;Francia;FR.webp;2022;2022;22/09/2022;1;0;;JOP;JJOO París 2024;2 € conm. Francia 2022 (2);El Genio lanzando un disco junto al Arco de Triunfo;The Genius Discus Throwing Next to the Arc de Triomphe;2022_FR_(2).webp;;2007_200.webp;;;Deportes - JJOO;;;74%;Solo existen versiones de colección;2022/09/22
783;1;200;FI;Suomi · Finland;Finlandia;FI.webp;2022;2022;30/09/2022;1;0;;;;2 € conm. Finlandia 2022 (2);Investigación climática en Finlandia;Climate Research in Finland;2022_FI_(2).webp;;2007_200.webp;;;Ecología;;;72%;Rara;2022/09/30
784;1;200;SM;San Marino;San Marino;SM.webp;2022;2022;04/10/2022;1;0;;;;2 € conm. San Marino 2022 (2);Antonio Canova, 200 años de su muerte;Antonio Canova's 200th Death Anniversary;2022_SM_(2).webp;;2007_200.webp;;;Escultura;;;85%;Solo existen versiones de colección;2022/10/04
785;1;200;SK;Slovensko;Eslovaquia;SK.webp;2022;2022;05/10/2022;1;0;;;;2 € conm. Eslovaquia 2022 (1);Primera máquina de Newcomen en Europa, 300 años;Europe’s First Newcomen Atmospheric Engine, 300 Years;2022_SK_(1).webp;;2007_200.webp;;;Ciencia;Física aplicada;;66%;Rara;2022/10/05
786;1;200;MT;Malta;Malta;MT.webp;2022;2022;17/11/2022;1;0;;TPM;Templos prehistóricos de Malta;2 € conm. Malta 2022 (1);Hipogeo de Ħal Saflieni Hypogeum;Ħal Saflieni Hypogeum;2022_MT_(1).webp;;2007_200.webp;;;Arqueología;;;77%;Rara;2022/11/17
787;1;200;MT;Malta;Malta;MT.webp;2022;2022;17/11/2022;1;0;;;;2 € conm. Malta 2022 (2);Resolución 1325 del CSNU sobre mujeres, paz y seguridad;UNSC Resolution 1325 on Women, Peace and Security;2022_MT_(2).webp;;2007_200.webp;;;Derechos sociales;;;84%;Muy rara;2022/11/17
788;1;200;LT;Lietuva;Lituania;LT.webp;2022;2022;20/12/2022;1;0;;REL;Regiones etnográficas de Lituania;2 € conm. Lituania 2022 (2);Sudovia (Suvalkija);Sudovia (Suvalkija);2022_LT_(2).webp;;2007_200.webp;;;Escudo de armas;;;70%;Rara;2022/12/20
789;1;200;AD;Andorra;Andorra;AD.webp;2022;2022;16/01/2023;1;0;;;;2 € conm. Andorra 2022 (1);La leyenda de Carlomagno, fundador de Andorra;The Legend of Charlemagne;2022_AD_(1).webp;;2007_200.webp;;;Tradición;;;84%;Solo existen versiones de colección;2023/01/16
790;1;200;AD;Andorra;Andorra;AD.webp;2022;2022;16/01/2023;1;0;;;;2 € conm. Andorra 2022 (2);Acuerdo monetario entre Andorra y la UE, 10 años;Monetary Agreement Between Andorra and the EU, 10 Years;2022_AD_(2).webp;;2007_200.webp;;;Divisas;;;84%;Solo existen versiones de colección;2023/01/16
791;1;200;FR;France;Francia;FR.webp;2023;2023;10/01/2023;1;0;;JOP;JJOO París 2024;2 € conm. Francia 2023 (1);La Sembradora boxeando junto al Puente Nuevo;The Sower Boxing Next to the Pont Neuf;2023_FR_(1).webp;;2007_200.webp;;;Deportes - JJOO;;;74%;Solo existen versiones de colección;2023/01/10
792;1;200;DE;Deutschland;Alemania;DE.webp;2023;2023;24/01/2023;1;0;;EFD;Estados Federados II;2 € conm. Alemania 2023 (1);Filamónica del Elba. Hamburg;Elbe Philharmonic Hall. Hamburg;2023_DE_(1).webp;;2007_200.webp;;;Arquitectura;;;42%;Intermedia;2023/01/24
793;1;200;SK;Slovensko;Eslovaquia;SK.webp;2023;2023;02/03/2023;1;0;;;;2 € conm. Eslovaquia 2023 (1);Primera transfusión de sangre en Eslovaquia, 100 años;First Blood Transfusion in Slovakia, 100 years;2023_SK_(1).webp;;2007_200.webp;;;Medicina;;;66%;Rara;2023/03/02
794;1;200;LT;Lietuva;Lituania;LT.webp;2023;2023;16/03/2023;1;0;;;;2 € conm. Lituania 2023 (1);Juntos con Ucrania;Together with Ukraine;2023_LT_(1).webp;;2007_200.webp;;;Apoyo a Ucrania;;;70%;Rara;2023/03/16
795;1;200;FI;Suomi · Finland;Finlandia;FI.webp;2023;2023;21/03/2023;1;0;;;;2 € conm. Finlandia 2023 (1);Primera Ley de Conservación de la Naturaleza, 100 años;Finland’s First Nature Conservation Act, 100 years;2023_FI_(1).webp;;2007_200.webp;;;Ecología;;;72%;Rara;2023/03/21
796;1;200;ES;España;España;ES.webp;2023;2023;28/03/2023;1;0;;PHU;Lugares Patrimonio de la Humanidad de España;2 € conm. España 2023 (1);Ciudad vieja de Cáceres;Old Town of Cáceres;2023_ES_(1).webp;;2007_200.webp;;;Arquitectura;;;63%;Rara;2023/03/28
797;1;200;DE;Deutschland;Alemania;DE.webp;2023;2023;30/03/2023;1;0;;;;2 € conm. Alemania 2023 (2);Carlomagno, 1275.º cumpleaños;Charlemagne's 1275th Birthday;2023_DE_(2).webp;;2007_200.webp;;;Familia real;Edad media;;45%;Intermedia;2023/03/30
798;1;200;LU;Lëtzebuerg;Luxemburgo;LU.webp;2023;2023;24/04/2023;1;0;;;;2 € conm. Luxemburgo 2023 (1);Cámara de diputados y primera Constitución, 175 años;Chamber of Deputies & First Constutition, 175 Years;2023_LU_(1).webp;;2007_200.webp;;;Constitución;;;80%;Rara;2023/04/24
799;1;200;LU;Lëtzebuerg;Luxemburgo;LU.webp;2023;2023;24/04/2023;1;0;;;;2 € conm. Luxemburgo 2023 (2);Gran duque Enrique miembro del COI, 25 años;Grand Duke Henri Membership to IOC, 25 Years;2023_LU_(2).webp;;2007_200.webp;;;Deportes - JJOO;;;80%;Rara;2023/04/24
800;1;200;SM;San Marino;San Marino;SM.webp;2023;2023;27/04/2023;1;0;;;;2 € conm. San Marino 2023 (1);Pietro Perugino, 500 años de su muerte;Pietro Perugino's 500th Death Anniversary;2023_SM_(1).webp;;2007_200.webp;;;Pintura;;Pietro Perugino;85%;Solo existen versiones de colección;2023/04/27
801;1;200;EE;Eesti;Estonia;EE.webp;2023;2023;12/05/2023;1;0;;NAT;Naturaleza y símbolos de Estonia;2 € conm. Estonia 2023 (1);La golondrina, ave nacional de Estonia;The Barn Swallow, Estonian National Bird;2023_EE_(1).webp;;2007_200.webp;;;Animales;;;66%;Rara;2023/05/12
802;1;200;IT;Italia;Italia;IT.webp;2023;2023;15/05/2023;1;0;;;;2 € conm. Italia 2023 (1);Alessandro Manzoni, 150 años de su muerte;Alessandro Manzoni's 150th Death Anniversary;2023_IT_(1).webp;;2007_200.webp;;;Literatura;;Alessandro Manzoni;58%;Intermedia;2023/05/15
803;1;200;LV;Latvija;Letonia;LV.webp;2023;2023;30/05/2023;1;0;;;;2 € conm. Letonia 2023 (1);Girasol de Ucrania;Ukraine Sunflower;2023_LV_(1).webp;;2007_200.webp;;;Apoyo a Ucrania;;;72%;Rara;2023/05/30
804;1;200;MC;Monaco;Mónaco;MC.webp;2023;2023;01/06/2023;1;0;;;;2 € conm. Mónaco 2023 (1);Príncipe Raniero III, 100.º cumpleaños;Prince Rainier III's 100th Birthday;2023_MC_(1).webp;;2007_200.webp;;;Familia real;;;91%;Solo existen versiones de colección;2023/06/01
805;1;200;BE;Belgie · Belgique · Belgien;Bélgica;BE.webp;2023;2023;20/06/2023;1;0;;;;2 € conm. Bélgica 2023 (1);Año del modernismo;Year of Art Nouveau;2023_BE_(1).webp;;2007_200.webp;;;Arquitectura;;;79%;Solo existen versiones de colección;2023/06/20
806;1;200;VA;Città del Vaticano;Ciudad del Vaticano;VA.webp;2023;2023;20/06/2023;1;0;;;;2 € conm. Vaticano 2023 (1);Pietro Perugino, 500 años de su muerte;Pietro Perugino's 500th Death Anniversary;2023_VA_(1).webp;;2007_200.webp;;;Pintura;;Pietro Perugino;83%;Solo existen versiones de colección;2023/06/20
807;1;200;IE;Éire;Irlanda;IE.webp;2023;2023;22/06/2023;1;0;;;;2 € conm. Irlanda 2023 (1);Adhesión de Irlanda a la Unión Europea, 50 años;Ireland's European Union Membership, 50 Years;2023_IE_(1).webp;;2007_200.webp;;;Unión Europea;;;70%;Rara;2023/06/22
808;1;200;ES;España;España;ES.webp;2023;2023;03/07/2023;1;0;;;;2 € conm. España 2023 (2);Presidencia del Consejo de la UE;Council of the EU Presidency;2023_ES_(2).webp;;2007_200.webp;;;Presidencia del Consejo de la UE;;;63%;Rara;2023/07/03
809;1;200;FR;France;Francia;FR.webp;2023;2023;04/07/2023;1;0;;;;2 € conm. Francia 2023 (2);Copa del mundo de Rugby Francia 2023;Rugby World Cup France 2023;2023_FR_(2).webp;;2007_200.webp;;;Deportes;;;47%;Intermedia;2023/07/04
810;1;200;PT;Portugal;Portugal;PT.webp;2023;2023;06/07/2023;1;0;;;;2 € conm. Portugal 2023 (1);XXXVII Jornada Mundial de la Juventud Lisboa;37th World Youth Day, Lisbon;2023_PT_(1).webp;;2007_200.webp;;;Jornada Mundial de la Juventud;;;70%;Rara;2023/07/06
811;1;200;FI;Suomi · Finland;Finlandia;FI.webp;2023;2023;07/08/2023;1;0;;;;2 € conm. Finlandia 2023 (2);Servicios sociales y sanitarios;Social & Health Services;2023_FI_(2).webp;;2007_200.webp;;;Sociedad del bienestar;;;72%;Rara;2023/08/07
812;1;200;IT;Italia;Italia;IT.webp;2023;2023;01/09/2023;1;0;;;;2 € conm. Italia 2023 (2);Fuerza aérea italiana, 100 años;Italian Air Force, 100 Years;2023_IT_(2).webp;;2007_200.webp;;;Cuerpos uniformados;;;58%;Intermedia;2023/09/01
813;1;200;SM;San Marino;San Marino;SM.webp;2023;2023;05/09/2023;1;0;;;;2 € conm. San Marino 2023 (2);Luca Signorelli, 500 años de su muerte;Luca Signorelli's 500th Death Anniversary;2023_SM_(2).webp;;2007_200.webp;;;Pintura;;;85%;Solo existen versiones de colección;2023/09/05
814;1;200;HR;Hrvatska;Croacia;HR.webp;2023;2023;15/09/2023;1;0;;;;2 € conm. Croacia 2023 (1);Introducción del Euro en Croacia como moneda oficial;Introduction of the Euro as Croatia's Official Currency;2023_HR_(1).webp;;2007_200.webp;;;Divisas;;;75%;Rara;2023/09/15
815;1;200;MT;Malta;Malta;MT.webp;2023;2023;18/09/2023;1;0;;;;2 € conm. Malta 2023 (1);Nicolás Copérnico, 550.º cumpleaños;Nicolaus Copernicus' 550th Birthday;2023_MT_(1).webp;;2007_200.webp;;;Ciencia;Astronomía;;82%;Muy rara;2023/09/18
816;1;200;MT;Malta;Malta;MT.webp;2023;2023;18/09/2023;1;0;;;;2 € conm. Malta 2023 (2);Llegada de los franceses a Malta, 225 años;Arrival of the French in Malta, 225 Years;2023_MT_(2).webp;;2007_200.webp;;;Guerras y paz;;;83%;Muy rara;2023/09/18
817;1;200;GR;Ελλάδα;Grecia;GR.webp;2023;2023;28/09/2023;1;0;;;;2 € conm. Grecia 2023 (1);Maria Callas, 100.º cumpleaños;Maria Callas' 100th Birthday;2023_GR_(1).webp;;2007_200.webp;;;Música;Intérprete;;68%;Rara;2023/09/28
818;1;200;GR;Ελλάδα;Grecia;GR.webp;2023;2023;28/09/2023;1;0;;;;2 € conm. Grecia 2023 (2);Constantin Carathéodory, 150.º cumpleaños;Constantin Carathéodory's 150th Birthday;2023_GR_(2).webp;;2007_200.webp;;;Ciencia;Matemáticas;;68%;Rara;2023/09/28
819;1;200;CY;Κύπρος;Chipre;CY.webp;2023;2023;02/10/2023;1;0;;;;2 € conm. Chipre 2023 (1);Banco Central de Chipre, 60 años;Central Bank of Cyprus, 60 Years;2023_CY_(1).webp;;2007_200.webp;;;Bancos nacionales;;;72%;Rara;2023/10/02
820;1;200;SK;Slovensko;Eslovaquia;SK.webp;2023;2023;11/10/2023;1;0;;;;2 € conm. Eslovaquia 2023 (2);Correo exprés en diligencia Viena-Bratislava, 200 años;Vienna-Bratislava Express Mail Coach Service, 200 Years;2023_SK_(2).webp;;2007_200.webp;;;Comunicación e información;;;66%;Rara;2023/10/11
821;1;200;BE;Belgie · Belgique · Belgien;Bélgica;BE.webp;2023;2023;25/10/2023;1;0;;;;2 € conm. Bélgica 2023 (2);Sufragio nacional femenino, 75 años;National Suffrage for Women, 75 Years;2023_BE_(2).webp;;2007_200.webp;;;Democracia;;;80%;Solo existen versiones de colección;2023/10/25
822;1;200;VA;Città del Vaticano;Ciudad del Vaticano;VA.webp;2023;2023;26/10/2023;1;0;;;;2 € conm. Vaticano 2023 (2);Alessandro Manzoni, 150 años de su muerte;Alessandro Manzoni's 150th Death Anniversary;2023_VA_(2).webp;;2007_200.webp;;;Literatura;;Alessandro Manzoni;83%;Solo existen versiones de colección;2023/10/26
823;1;200;PT;Portugal;Portugal;PT.webp;2023;2023;16/11/2023;1;0;;;;2 € conm. Portugal 2023 (2);Paz;Peace;2023_PT_(2).webp;;2007_200.webp;;;Valores y ciudadanía;;;65%;Rara;2023/11/16
824;1;200;AD;Andorra;Andorra;AD.webp;2023;2023;27/11/2023;1;0;;;;2 € conm. Andorra 2023 (1);Fiestas del fuego en los Pirineos;Summer Solstice Fire Festivals of the Pyrenees;2023_AD_(1).webp;;2007_200.webp;;;Tradición;;;84%;Solo existen versiones de colección;2023/11/27
825;1;200;AD;Andorra;Andorra;AD.webp;2023;2023;27/11/2023;1;0;;;;2 € conm. Andorra 2023 (2);Andorra miembro de las Naciones Unidas, 30 años;Andorra Member of the United Nations, 30 Years;2023_AD_(2).webp;;2007_200.webp;;;Organismos internacionales;;;84%;Solo existen versiones de colección;2023/11/27
826;1;200;SI;Slovenija;Eslovenia;SI.webp;2023;2023;19/12/2023;1;0;;;;2 € conm. Eslovenia 2023 (1);Josip Plemelj, 150.º cumpleaños;Josip Plemelj's 150th Birthday;2023_SI_(1).webp;;2007_200.webp;;;Ciencia;Matemáticas, astronomía;;66%;Rara;2023/12/19
827;1;200;FR;France;Francia;FR.webp;2024;2024;09/01/2024;1;0;;JOP;JJOO París 2024;2 € conm. Francia 2024 (1);Hércules luchando junto a la Catedral de Notre Dame;Hercules Wrestling Next to the Notre Dame Cathedral;2024_FR_(1).webp;;2007_200.webp;;;Deportes - JJOO;;;70%;Solo existen versiones de colección;2024/01/09
828;1;200;BE;Belgie · Belgique · Belgien;Bélgica;BE.webp;2024;2024;15/01/2024;1;0;;;;2 € conm. Bélgica 2024 (1);Presidencia del Consejo de la UE;Council of the EU Presidency;2024_BE_(1).webp;;2007_200.webp;;;Presidencia del Consejo de la UE;;;60%;Rara;2024/01/15
829;1;200;LU;Lëtzebuerg;Luxemburgo;LU.webp;2024;2024;29/01/2024;1;0;;;;2 € conm. Luxemburgo 2024 (1);"Decreto gran ducal ""Feierstëppler"", 100 años";"Grand Ducal Decree ""Feierstëppler"", 100 years";2024_LU_(1).webp;;2007_200.webp;;;Divisas;;;80%;Rara;2024/01/29
830;1;200;LU;Lëtzebuerg;Luxemburgo;LU.webp;2024;2024;29/01/2024;1;0;;;;2 € conm. Luxemburgo 2024 (2);Gran duque Guillemo II, 175 años de su muerte;Grand Duke Guillaume II's 175th Death. Anniversary;2024_LU_(2).webp;;2007_200.webp;;;Familia real;;;80%;Rara;2024/01/29
831;1;200;DE;Deutschland;Alemania;DE.webp;2024;2024;30/01/2024;1;0;;EFD;Estados Federados II;2 € conm. Alemania 2024 (1);Königsstuhl (Trono del Rey). Mecklenburg-Vorpommern;Königsstuhl (King's Chair). Mecklenburg-Vorpommern;2024_DE_(1).webp;;2007_200.webp;;;Naturaleza;;;42%;Intermedia;2024/01/30
832;1;200;ES;España;España;ES.webp;2024;2024;12/03/2024;1;0;;PHU;Lugares Patrimonio de la Humanidad de España;2 € conm. España 2024 (1);Catedral, alcázar y Archivo de Indias de Sevilla;Cathedral, Alcázar and Archivo de Indias in Seville;2024_ES_(1).webp;;2007_200.webp;;;Arquitectura;;;63%;Rara;2024/03/12
833;1;200;ES;España;España;ES.webp;2024;2024;12/03/2024;1;0;;;;2 € conm. España 2024 (2);Policía Nacional, 200 años;Spanish National Police, 200 Years;2024_ES_(2).webp;;2007_200.webp;;;Cuerpos uniformados;;;63%;Rara;2024/03/12
834;1;200;IT;Italia;Italia;IT.webp;2024;2024;12/03/2024;1;0;;;;2 € conm. Italia 2024 (1);Guardia Financiera italiana, 250 años;Italian Guardia di Finanza Corps, 250 Years;2024_IT_(1).webp;;2007_200.webp;;;Cuerpos uniformados;;;58%;Intermedia;2024/03/12
835;1;200;FI;Suomi · Finland;Finlandia;FI.webp;2024;2024;15/03/2024;1;0;;;;2 € conm. Finlandia 2024 (1);Elecciones y democracia;Elections & Democracy;2024_FI_(1).webp;;2007_200.webp;;;Democracia;;;72%;Rara;2024/03/15
836;1;200;DE;Deutschland;Alemania;DE.webp;2024;2024;21/03/2024;1;0;;;;2 € conm. Alemania 2024 (2);Constitución de Francfurt, 175 años;Frankfurt Constitution, 175 Years;2024_DE_(2).webp;;2007_200.webp;;;Constitución;;;42%;Intermedia;2024/03/21
837;1;200;IT;Italia;Italia;IT.webp;2024;2024;22/04/2024;1;0;;;;2 € conm. Italia 2024 (2);Rita Levi-Montalcini, Nobel de Medicina;Rita Levi-Montalcini, Nobel de Medicina;2024_IT_(2).webp;;2007_200.webp;;;Medicina;feminismo;;58%;Intermedia;2024/04/22
838;1;200;PT;Portugal;Portugal;PT.webp;2024;2024;22/04/2024;1;0;;;;2 € conm. Portugal 2024 (1);Revolución del 25 de abril, 50 años;25th April Revolution, 50 Years;2024_PT_(1).webp;;2007_200.webp;;;Democracia;;Revolución del 25 de abril;70%;Rara;2024/04/22
839;1;200;SM;San Marino;San Marino;SM.webp;2024;2024;23/04/2024;1;0;;;;2 € conm. San Marino 2024 (1);Declaración de los derechos de los ciudadanos, 50 años;Declaration of Citizens' Rights, 50 Years;2024_SM_(1).webp;;2007_200.webp;;;Constitución;;;85%;Solo existen versiones de colección;2024/04/23
840;1;200;EE;Eesti;Estonia;EE.webp;2024;2024;21/05/2024;1;0;;NAT;Naturaleza y símbolos de Estonia;2 € conm. Estonia 2024 (1);El Aciano, flor nacional de Estonia;The Cornflower, Estonian National Flower;2024_EE_(1).webp;;2007_200.webp;;;Plantas;;;66%;Rara;2024/05/21
841;1;200;BE;Belgie · Belgique · Belgien;Bélgica;BE.webp;2024;2024;29/05/2024;1;0;;;;2 € conm. Bélgica 2024 (2);Lucha contra el cáncer;Fight Against Cancer;2024_BE_(2).webp;;2007_200.webp;;;Medicina;;;60%;Rara;2024/05/29
842;1;200;FR;France;Francia;FR.webp;2024;2024;04/06/2024;1;0;;;;2 € conm. Francia 2024 (2);Torre Eiffel llevando los valores del deporte;Eiffel Tower Carrying the Values of Sport;2024_FR_(2).webp;;2007_200.webp;;;Deportes - JJOO;;;44%;Intermedia;2024/06/04
843;1;200;GR;Ελλάδα;Grecia;GR.webp;2024;2024;17/06/2024;1;0;;;;2 € conm. Grecia 2024 (1);Penélope Delta, 150.º cumpleaños;Penelope Delta's 150th Birthday;2024_GR_(1).webp;;2007_200.webp;;;Literatura;;;68%;Rara;2024/06/17
844;1;200;GR;Ελλάδα;Grecia;GR.webp;2024;2024;17/06/2024;1;0;;;;2 € conm. Grecia 2024 (2);Restauración de la democracia en Grecia, 50 años;Restoration of Democracy in Greece, 50 Years;2024_GR_(2).webp;;2007_200.webp;;;Lucha por la libertad;;;68%;Rara;2024/06/17
845;1;200;MC;Monaco;Mónaco;MC.webp;2024;2024;17/06/2024;1;0;;;;2 € conm. Mónaco 2024 (1);Tratado con Carlos V, 500 años;Treaty with Charles V, 500 years;2024_MC_(1).webp;;2007_200.webp;;;Pactos internacionales;;;95%;Solo existen versiones de colección;2024/06/17
846;1;200;HR;Hrvatska;Croacia;HR.webp;2024;2024;02/07/2024;1;0;;CHR;Ciudades de Croacia;2 € conm. Croacia 2024 (1);Ciudad vieja de Varaždin;Old Town of Varaždin;2024_HR_(1).webp;;2007_200.webp;;;Arquitectura;;;77%;Rara;2024/07/02
847;1;200;VA;Città del Vaticano;Ciudad del Vaticano;VA.webp;2024;2024;03/07/2024;1;0;;;;2 € conm. Vaticano 2024 (1);Santo Tomás de Aquino, 750 años de su muerte;St. Thomas Aquinas' 750th Death Anniversary;2024_VA_(1).webp;;2007_200.webp;;;Catolicismo;;;83%;Solo existen versiones de colección;2024/07/03
848;1;200;PT;Portugal;Portugal;PT.webp;2024;2024;04/07/2024;1;0;;;;2 € conm. Portugal 2024 (2);Equipo portugués en los JJOO de París 2016;Portuguese Team at the Paris 2024 Olympic Games;2024_PT_(2).webp;;2007_200.webp;;;Deportes - JJOO;;;70%;Rara;2024/07/04
849;1;200;MT;Malta;Malta;MT.webp;2024;2024;23/08/2024;1;0;;FAM;Fauna autóctona maltesa;2 € conm. Malta 2024 (1);Abeja de Malta;Maltese Honey Bee;2024_MT_(1).webp;;2007_200.webp;;;Animales;;;82%;Muy rara;2024/08/23
850;1;200;MT;Malta;Malta;MT.webp;2024;2024;23/08/2024;1;0;;CAM;Ciudades amuralladas de Malta;2 € conm. Malta 2024 (2);La Ciudadela, Vicotria, Gozo;The Citadel of Victoria, Gozo ;2024_MT_(2).webp;;2007_200.webp;;;Arquitectura;;;82%;Muy rara;2024/08/23
851;1;200;FI;Suomi · Finland;Finlandia;FI.webp;2024;2024;30/08/2024;1;0;;;;2 € conm. Finlandia 2024 (2);Gesellius, Lindgren, Saarinen: arquitectura finlandesa;Gesellius, Lindgren, Saarinen: Finnish Architecture;2024_FI_(2).webp;;2007_200.webp;;;Arquitectura;;;72%;Rara;2024/08/30
852;1;200;SM;San Marino;San Marino;SM.webp;2024;2024;05/09/2024;1;0;;;;2 € conm. San Marino 2024 (2);Domenico Ghirlandaio, 530 años de su muerte;Domenico Ghirlandaio's 530th Death Anniversary;2024_SM_(2).webp;;2007_200.webp;;;Pintura;;;85%;Solo existen versiones de colección;2024/09/05
853;1;200;SK;Slovensko;Eslovaquia;SK.webp;2024;2024;19/09/2024;1;0;;;;2 € conm. Eslovaquia 2024 (1);Maratón de la Paz de Košice, 100 años;Košice Peace Marathon, 100 years;2024_SK_(1).webp;;2007_200.webp;;;Deportes;;;66%;Rara;2024/09/19
854;1;200;LT;Lietuva;Lituania;LT.webp;2024;2024;25/09/2024;1;0;;PLT;Patrimonio lituano;2 € conm. Lituania 2024 (1);Sodai, jardín de paja, Patrimonio Cultural Inmaterial;Sodai, Straw Gobile, Intangible Cultural Heritage;2024_LT_(1).webp;;2007_200.webp;;;Tradición;;;70%;Rara;2024/09/25
855;1;200;HR;Hrvatska;Croacia;HR.webp;2024;2024;15/10/2024;1;0;;;;2 € conm. Croacia 2024 (2);Marko Marulić, 500 años de su muerte;Marko Marulić's 500th Death Anniversary;2024_HR_(2).webp;;2007_200.webp;;;Literatura;;;77%;Rara;2024/10/15
856;1;200;LV;Latvija;Letonia;LV.webp;2024;2024;21/11/2024;1;0;;;;2 € conm. Letonia 2024 (1);Puzuris (himmeli), escultura móvil de paja, adorno letón;Puzuris (Himmeli), Straw Mobile, Latvian Ornament;2024_LV_(1).webp;;2007_200.webp;;;Tradición;;;72%;Rara;2024/11/21
857;1;200;CY;Κύπρος;Chipre;CY.webp;2024;2024;27/11/2024;1;0;;;;2 € conm. Chipre 2024 (1);Adhesión de Chipre a la Unión Europea, 20 años;Cyprus' European Union Membership, 20 years;2024_CY_(1).webp;;2007_200.webp;;;Unión Europea;;;100%;Solo existen versiones de colección;2024/11/27
858;1;200;AD;Andorra;Andorra;AD.webp;2024;2024;09/12/2024;1;0;;;;2 € conm. Andorra 2024 (1);Campeonatos del mundo UCI de BTT Andorra 2024;UCI Mountain Bike World Championships Andorra 2024;2024_AD_(1).webp;;2007_200.webp;;;Deportes;;;85%;Solo existen versiones de colección;2024/12/09
859;1;200;AD;Andorra;Andorra;AD.webp;2024;2024;09/12/2024;1;0;;;;2 € conm. Andorra 2024 (2);Esquí en Andorra, 100 años;Skiing in Andorra, 100 Years;2024_AD_(2).webp;;2007_200.webp;;;Deportes;;;85%;Solo existen versiones de colección;2024/12/09
860;1;200;SI;Slovenija;Eslovenia;SI.webp;2024;2024;18/12/2024;1;0;;;;2 € conm. Eslovenia 2024 (1);Biblioteca Nacional y Universitaria de Eslovenia, 250 años;National & University Library of Slovenia, 250 Years;2024_SI_(1).webp;;2007_200.webp;;;Universidades;;;66%;Rara;2024/12/18
861;1;200;VA;Città del Vaticano;Ciudad del Vaticano;VA.webp;2024;2024;24/07/2025;1;0;;;;2 € conm. Vaticano 2024 (2);Guillermo Marconi, 150.º cumpleaños;Guglielmo Marconi's 150th Birthday;2024_VA_(2).webp;;2007_200.webp;;;Comunicación e información;;;83%;Solo existen versiones de colección;2025/07/24
862;1;200;DE;Deutschland;Alemania;DE.webp;2025;2025;16/01/2025;1;0;;EFD;Estados Federados II;2 € conm. Alemania 2025 (1);Meandro del Sarre. Saarland;Great Bend in the Saar. Saarland;2025_DE_(1).webp;;2007_200.webp;;;Naturaleza;;;42%;Intermedia;2025/01/16
863;1;200;SK;Slovensko;Eslovaquia;SK.webp;2025;2025;20/01/2025;1;0;;;;2 € conm. Eslovaquia 2025 (1);Primer europeo de hockey hielo en tierra eslovaca, 100 años;First Ice Hockey European Championship Held in SK, 100 Years;2025_SK_(1).webp;;2007_200.webp;;;Deportes;;;66%;Rara;2025/01/20
864;1;200;BE;Belgie · Belgique · Belgien;Bélgica;BE.webp;2025;2025;23/01/2025;1;0;;;;2 € conm. Bélgica 2025 (1);Lotería nacional de Bélgica;National Lottery of Belgium;2025_BE_(1).webp;;2007_200.webp;;;Solidaridad;Lotería;;65%;Rara;2025/01/23
865;1;200;EE;Eesti;Estonia;EE.webp;2025;2025;30/01/2025;1;0;;;;2 € conm. Estonia 2025 (1);Eesti Ramaat: nacimiento del estonio escrito, 500 años;Eesti Raamat: Birth of Written Estonian, 500 Years;2025_EE_(1).webp;;2007_200.webp;;;Lengua;;;67%;Rara;2025/01/30
866;1;200;IT;Italia;Italia;IT.webp;2025;2025;05/02/2025;1;0;;;;2 € conm. Italia 2025 (1);Jubileo de 2025;Jubilee 2025;2025_IT_(1).webp;;2007_200.webp;;;Jubileo 2025;;;58%;Intermedia;2025/02/05
867;1;200;IT;Italia;Italia;IT.webp;2025;2025;09/03/2025;1;0;;;;2 € conm. Italia 2025 (2);Vuelta al mundo del buque escuela Amerigo Vespucci;The Amerigo Vespucci World Tour;2025_IT_(2).webp;;2007_200.webp;;;Exploraciones;patrimonio marítimo / naútica;;58%;Intermedia;2025/03/09
868;1;200;ES;España;España;ES.webp;2025;2025;10/03/2025;1;0;;PHU;Lugares Patrimonio de la Humanidad de España;2 € conm. España 2025 (1);Ciudad vieja de Salamanca;Old City of Salamanca;2025_ES_(1).webp;;2007_200.webp;;;Arquitectura;;;61%;Rara;2025/03/10
869;1;200;FR;France;Francia;FR.webp;2025;2025;18/03/2025;1;0;;;;2 € conm. Francia 2025 (1);Museo del Louvre;Louvre Museum;2025_FR_(1).webp;;2007_200.webp;;;Arquitectura;Museo;;74%;Solo existen versiones de colección;2025/03/18
870;1;200;LT;Lietuva;Lituania;LT.webp;2025;2025;27/03/2025;1;0;;;;2 € conm. Lituania 2025 (1);Defensa de Lituania;Lithuanian Defence;2025_LT_(1).webp;;2007_200.webp;;;Estrategia geopolítica;Defensa;;70%;Rara;2025/03/27
871;1;200;SM;San Marino;San Marino;SM.webp;2025;2025;27/03/2025;1;0;;;;2 € conm. San Marino 2025 (1);Jubileo de 2025;Jubilee 2025;2025_SM_(1).webp;;2007_200.webp;;;Jubileo 2025;;;85%;Solo existen versiones de colección;2025/03/27
872;1;200;LU;Lëtzebuerg;Luxemburgo;LU.webp;2025;2025;05/05/2025;1;0;;;;2 € conm. Luxemburgo 2025 (1);Ascensión al trono del gran duque Enrique, 25 años;Grand Duke Henri's Accesion, 25 Years;2025_LU_(1).webp;;2007_200.webp;;;Coronación;;;79%;Rara;2025/05/05
873;1;200;LU;Lëtzebuerg;Luxemburgo;LU.webp;2025;2025;05/05/2025;1;0;;;;2 € conm. Luxemburgo 2025 (2);Declaración Schuman del 9 de mayo de 1950, 75 años;Schuman Declaration of 9 May 1950, 75 Years;2025_LU_(2).webp;;2007_200.webp;;;Unión Europea;;;79%;Rara;2025/05/05
874;1;200;FI;Suomi · Finland;Finlandia;FI.webp;2025;2025;13/05/2025;1;0;;;;2 € conm. Finlandia 2025 (1);Visitas de estado: diplomacia y política exterior;Finnish State Visits: Diplomacy & Foreign Policy;2025_FI_(1).webp;;2007_200.webp;;;Estrategia geopolítica;Política exterior;;77%;Rara;2025/05/13
875;1;200;MT;Malta;Malta;MT.webp;2025;2025;15/05/2025;1;0;;FAM;Fauna autóctona maltesa;2 € conm. Malta 2025 (1);Buey maltés;Maltese Ox;2025_MT_(1).webp;;2007_200.webp;;;Animales;;;79%;Rara;2025/05/15
876;1;200;MT;Malta;Malta;MT.webp;2025;2025;15/05/2025;1;0;;CAM;Ciudades amuralladas de Malta;2 € conm. Malta 2025 (2);Ciudad de Mdina;City of Mdina;2025_MT_(2).webp;;2007_200.webp;;;Arquitectura;;;79%;Rara;2025/05/15
877;1;200;MC;Monaco;Mónaco;MC.webp;2025;2025;16/06/2025;1;0;;;;2 € conm. Mónaco 2025 (1);Condado de Carladès;Condado de Carladès;2025_MC_(1).webp;;2007_200.webp;;;Soberanía;Dominios nobiliarios;;95%;Solo existen versiones de colección;2025/06/16
878;1;200;PT;Portugal;Portugal;PT.webp;2025;2025;24/06/2025;1;0;;;;2 € conm. Portugal 2025 (1);XVI Encuentro Scout Mundial Portugal 2025;16th World Scout Moot Portugal 2025;2025_PT_(1).webp;;2007_200.webp;;;Valores y ciudadanía;;;70%;Rara;2025/06/24
879;1;200;SM;San Marino;San Marino;SM.webp;2025;2025;03/07/2025;1;0;;;;2 € conm. San Marino 2025 (2);Miguel Ángel, 550.º cumpleaños;Michelangelo's 550th Birthday;2025_SM_(2).webp;;2007_200.webp;;;Escultura;Dibujo;Miguel Ángel;85%;Solo existen versiones de colección;2025/07/03
880;1;200;HR;Hrvatska;Croacia;HR.webp;2025;2025;14/07/2025;1;0;;;;2 € conm. Croacia 2025 (1);Reino de Croacia y coronación del rey Tomislav, 1100 años;Croatian Kingdom & Coronation of King Tomislav, 1100 Years;2025_HR_(1).webp;;2007_200.webp;;;Coronación;;;72%;Rara;2025/07/14
881;1;200;BE;Belgie · Belgique · Belgien;Bélgica;BE.webp;2025;2025;25/07/2025;1;0;;;;2 € conm. Bélgica 2025 (2);Circuito de Spa-Francorchamps;Spa-Francorchamps Circuit;2025_BE_(2).webp;;2007_200.webp;;;Deportes;;;79%;Solo existen versiones de colección;2025/07/25
882;1;200;FI;Suomi · Finland;Finlandia;FI.webp;2025;2025;12/08/2025;1;0;;;;2 € conm. Finlandia 2025 (2);Encuentro de Atletismo Finlandia–Suecia, 100 años;Finland–Sweden Athletics International, 100 Years;2025_FI_(2).webp;;2007_200.webp;;;Deportes;;;77%;Rara;2025/08/12
883;1;200;GR;Ελλάδα;Grecia;GR.webp;2025;2025;10/09/2025;1;0;;;;2 € conm. Grecia 2025 (1);Mikis Theodorakis,  100.º cumpleaños;Mikis Theodorakis' 100th Birthday;2025_GR_(1).webp;;2007_200.webp;;;Música;Compositor;;68%;Rara;2025/09/10
884;1;200;GR;Ελλάδα;Grecia;GR.webp;2025;2025;10/09/2025;1;0;;;;2 € conm. Grecia 2025 (2);Laskarina Bouboulina, 200 años de su muerte;Laskarina Bouboulina's 200th Death Anniversary;2025_GR_(2).webp;;2007_200.webp;;;Guerras y paz;;;68%;Rara;2025/09/10
885;1;200;PT;Portugal;Portugal;PT.webp;2025;2025;24/09/2025;1;0;;;;2 € conm. Portugal 2025 (2);Desarrollo sostenible;Sustainable Development;2025_PT_(2).webp;;2007_200.webp;;;Ecología;;;70%;Rara;2025/09/24
886;1;200;DE;Deutschland;Alemania;DE.webp;2025;2025;25/09/2025;1;0;;UJL;Unidad, Justicia y Libertad;2 € conm. Alemania 2025 (2);Reunificación de Alemania, 35 años;German Unity, 35 Years;2025_DE_(2).webp;;2007_200.webp;;;Unión de territorios;;Reunificación alemana;42%;Intermedia;2025/09/25
887;1;200;LV;Latvija;Letonia;LV.webp;2025;2025;09/10/2025;1;0;;RLV;Regiones históricas de Letonia;2 € conm. Letonia 2025 (1);Sēlija;Sēlija;2025_LV_(1).webp;;2007_200.webp;;;Escudo de armas;;;72%;Rara;2025/10/09
888;1;200;HR;Hrvatska;Croacia;HR.webp;2025;2025;24/10/2025;1;0;;CHR;Ciudades de Croacia;2 € conm. Croacia 2025 (2);Anfiteatro de Grad Pula;Pula Arena;2025_HR_(2).webp;;2007_200.webp;;;Arquitectura;;;77%;Rara;2025/10/24
889;1;200;FR;France;Francia;FR.webp;2025;2025;28/10/2025;1;0;;;;2 € conm. Francia 2025 (2);Catedral de Notre Dame, París;Notre Dame Cathedral, Paris;2025_FR_(2).webp;;2007_200.webp;;;Arquitectura;;;45%;Intermedia;2025/10/28
890;1;200;MC;Monaco;Mónaco;MC.webp;2025;2025;04/11/2025;1;0;;;;2 € conm. Mónaco 2025 (2);Marquesado de Les Baux;Marquisate of Les Baux;2025_MC_(2).webp;;2007_200.webp;;;Soberanía;Dominios nobiliarios;;95%;Solo existen versiones de colección;2025/11/04
891;1;200;AD;Andorra;Andorra;AD.webp;2025;2025;24/11/2025;1;0;;;;2 € conm. Andorra 2025 (1);Juegos de los Pequeños Estados de Europa, Andorra 2025;Games of the Small States of Europe, Andorra 2025;2025_AD_(1).webp;;2007_200.webp;;;Deportes;;;85%;Solo existen versiones de colección;2025/11/24
892;1;200;AD;Andorra;Andorra;AD.webp;2025;2025;24/11/2025;1;0;;;;2 € conm. Andorra 2025 (2);Quebrantahuesos;Bearded Vulture;2025_AD_(2).webp;;2007_200.webp;;;Animales;;;85%;Solo existen versiones de colección;2025/11/24
893;1;200;SI;Slovenija;Eslovenia;SI.webp;2025;2025;26/11/2025;1;0;;;;2 € conm. Eslovenia 2025 (1);Miki Muster, 100.º cumpleaños;Miki Muster's 100th Birthday;2025_SI_(1).webp;;2007_200.webp;;;Infantil;Ilustración;;66%;Rara;2025/11/26
894;1;200;LT;Lietuva;Lituania;LT.webp;2025;2025;22/12/2025;1;0;;REL;Regiones etnográficas de Lituania;2 € conm. Lituania 2025 (2);Lituania Menor (Mažoji Lietuva);Lithuania Minor (Mažoji Lietuva;2025_LT_(2).webp;;2007_200.webp;;;Escudo de armas;;;70%;Rara;2025/12/22
895;1;200;VA;Città del Vaticano;Ciudad del Vaticano;VA.webp;2025;2025;04/02/2026;1;0;;;;2 € conm. Vaticano 2025 (1);Sede vacante 2025;Sede vacante 2025;2025_VA_(1).webp;;2007_200.webp;;;Catolicismo;;Sede Vacante;84%;Solo existen versiones de colección;2026/02/04
896;1;200;VA;Città del Vaticano;Ciudad del Vaticano;VA.webp;2025;2025;12/03/2026;1;0;;;;2 € conm. Vaticano 2025 (2);Miguel Ángel, 550.º cumpleaños;Michelangelo's 550th Birthday;2025_VA_(2).webp;;2007_200.webp;;;Arquitectura;Escultura;Miguel Ángel;;Sin datos;2026/03/12
897;1;200;VA;Città del Vaticano;Ciudad del Vaticano;VA.webp;2025;2025;12/03/2026;1;0;;;;2 € conm. Vaticano 2025 (3);Jubileo de 2025;Jubilee 2025;2025_VA_(3).webp;;2007_200.webp;;;Jubileo 2025;;;;Sin datos;2026/03/12
898;1;200;DE;Deutschland;Alemania;DE.webp;2026;2026;08/01/2026;1;0;;UJL;Unidad, Justicia y Libertad;2 € conm. Alemania 2026 (1);Konrad Adenauer, 200.º cumpleaños;Konrad Adenauer's 200th Birthday;2026_DE_(1).webp;;2007_200.webp;;;Políticos;;;42%;Intermedia;2026/01/08
899;1;200;SK;Slovensko;Eslovaquia;SK.webp;2026;2026;13/01/2026;1;0;;;;2 € conm. Eslovaquia 2026 (1);Trenčín Capital Europea de la Cultura;Trenčín European Capital of Culture;2026_SK_(1).webp;;2007_200.webp;;;Capital europea de la cultura;;;66%;Rara;2026/01/13
900;1;200;DE;Deutschland;Alemania;DE.webp;2026;2026;29/01/2026;1;0;;EFD;Estados Federados II;2 € conm. Alemania 2026 (2);Casa del Clima de Bremerhaven. Bremen;Klimahaus Bremerhaven. Bremen;2026_DE_(2).webp;;2007_200.webp;;;Arquitectura;;;42%;Intermedia;2026/01/29
901;1;200;FR;France;Francia;FR.webp;2026;2026;29/01/2026;1;0;;;;2 € conm. Francia 2026 (1);El Principito, Saint-Exupéry, 80 años;The Little Prince, Saint-Exupéry, 80 Years;2026_FR_(1).webp;;2007_200.webp;;;Infantil;;;73%;Solo existen versiones de colección;2026/01/29
902;1;200;IT;Italia;Italia;IT.webp;2026;2026;05/03/2026;1;0;;;;2 € conm. Italia 2026 (1);Carlo Collodi, autor de Pinocho, 200.º cumpleaños;Author of Pinocchio Carlo Collodi's 200th Birthday;2026_IT_(1).webp;;2007_200.webp;;;Infantil;;;90%;Datos incompletos;2026/03/05
903;1;200;LT;Lietuva;Lituania;LT.webp;2026;2026;18/03/2026;1;0;;;;2 € conm. Lituania 2026 (1);Independencia energética de Lituania;Lithuania‘s Energy Independence;2026_LT_(1).webp;;2007_200.webp;;;Estrategia geopolítica;Energía;;70%;Rara;2026/03/18
904;1;200;ES;España;España;ES.webp;2026;2026;24/03/2026;1;0;;PHU;Lugares Patrimonio de la Humanidad de España;2 € conm. España 2026 (1);Monasterio de Poblet;Poblet Monastery;2026_ES_(1).webp;;2007_200.webp;;;Arquitectura;;;63%;Rara;2026/03/24
905;1;200;ES;España;España;ES.webp;2026;2026;24/03/2026;1;0;;;;2 € conm. España 2026 (2);Artículo 49: Inclusión de personas con discapacidad;Article 49: Inclsuion of Persons with Disabilities;2026_ES_(2).webp;;2007_200.webp;;;Inclusión social;;;63%;Rara;2026/03/24
906;1;200;SM;San Marino;San Marino;SM.webp;2026;2026;31/03/2026;1;0;;;;2 € conm. San Marino 2026 (1);Tiziano, 450 años de su muerte;Tiziano's 450th Death Anniversary;2026_SM_(1).webp;;2007_200.webp;;;Pintura;;;85%;Solo existen versiones de colección;2026/03/31
907;1;200;IT;Italia;Italia;IT.webp;2026;2026;01/04/2026;1;0;;;;2 € conm. Italia 2026 (2);San Francisco de Asís, 800 años de su muerte;Francis of Assisi's 800th Death Anniversary;2026_IT_(2).webp;;2007_200.webp;;;Catolicismo;;;89%;Datos incompletos;2026/04/01
908;1;200;MT;Malta;Malta;MT.webp;2026;2026;10/04/2026;1;0;;CAM;Ciudades amuralladas de Malta;2 € conm. Malta 2026 (1);La Valeta;Valletta;2026_MT_(1).webp;;2007_200.webp;;;Arquitectura;;;79%;Rara;2026/04/10
909;1;200;MT;Malta;Malta;MT.webp;2026;2026;10/04/2026;1;0;;FAM;Fauna autóctona maltesa;2 € conm. Malta 2026 (2);Podenco faraónico;Pharaoh Hound;2026_MT_(2).webp;;2007_200.webp;;;Animales;;;79%;Rara;2026/04/10
